Date Local,Sample Duration,Arithmetic Mean,AQI
1/1/20,24-HR BLK AVG,4.1,23.0
1/2/20,24-HR BLK AVG,4.5,25.0
1/3/20,24-HR BLK AVG,5.0,28.0
1/4/20,24-HR BLK AVG,4.7,26.0
1/5/20,24-HR BLK AVG,3.0,17.0
1/6/20,24-HR BLK AVG,2.2,12.0
1/7/20,24-HR BLK AVG,2.3,13.0
1/8/20,24-HR BLK AVG,1.2,7.0
1/9/20,24-HR BLK AVG,7.1,39.0
1/10/20,24-HR BLK AVG,6.9,38.0
1/11/20,24-HR BLK AVG,4.3,24.0
1/12/20,24-HR BLK AVG,6.5,36.0
1/13/20,24-HR BLK AVG,8.3,46.0
1/14/20,24-HR BLK AVG,7.1,39.0
1/15/20,24-HR BLK AVG,13.8,60.0
1/16/20,24-HR BLK AVG,9.9,52.0
1/17/20,24-HR BLK AVG,9.2,51.0
1/18/20,24-HR BLK AVG,7.8,43.0
1/19/20,24-HR BLK AVG,6.6,37.0
1/20/20,24-HR BLK AVG,13.6,59.0
1/21/20,24-HR BLK AVG,16.8,65.0
1/22/20,24-HR BLK AVG,11.1,55.0
1/23/20,24-HR BLK AVG,20.7,73.0
1/24/20,24-HR BLK AVG,14.0,60.0
1/25/20,24-HR BLK AVG,7.5,42.0
1/26/20,24-HR BLK AVG,7.7,43.0
1/27/20,24-HR BLK AVG,9.0,50.0
1/28/20,24-HR BLK AVG,10.1,53.0
1/29/20,24-HR BLK AVG,12.5,57.0
1/30/20,24-HR BLK AVG,18.2,68.0
1/31/20,24-HR BLK AVG,21.3,74.0
2/1/20,24-HR BLK AVG,8.7,48.0
2/2/20,24-HR BLK AVG,2.7,15.0
2/3/20,24-HR BLK AVG,5.4,30.0
2/4/20,24-HR BLK AVG,4.7,26.0
2/5/20,24-HR BLK AVG,13.9,60.0
2/6/20,24-HR BLK AVG,11.2,55.0
2/7/20,24-HR BLK AVG,11.4,55.0
2/8/20,24-HR BLK AVG,5.1,28.0
2/9/20,24-HR BLK AVG,8.9,49.0
2/10/20,24-HR BLK AVG,12.8,58.0
2/11/20,24-HR BLK AVG,8.0,44.0
2/12/20,24-HR BLK AVG,4.3,24.0
2/13/20,24-HR BLK AVG,6.2,34.0
2/14/20,24-HR BLK AVG,8.2,46.0
2/15/20,24-HR BLK AVG,7.3,41.0
2/16/20,24-HR BLK AVG,7.2,40.0
2/17/20,24-HR BLK AVG,12.6,58.0
2/18/20,24-HR BLK AVG,7.0,39.0
2/19/20,24-HR BLK AVG,6.9,38.0
2/20/20,24-HR BLK AVG,15.6,63.0
2/21/20,24-HR BLK AVG,7.4,41.0
2/22/20,24-HR BLK AVG,8.6,48.0
2/23/20,24-HR BLK AVG,11.1,55.0
2/24/20,24-HR BLK AVG,6.2,34.0
2/25/20,24-HR BLK AVG,2.6,14.0
2/26/20,24-HR BLK AVG,2.9,16.0
2/27/20,24-HR BLK AVG,7.3,41.0
2/28/20,24-HR BLK AVG,6.2,34.0
2/29/20,24-HR BLK AVG,10.1,53.0
3/1/20,24-HR BLK AVG,4.5,25.0
3/2/20,24-HR BLK AVG,4.0,22.0
3/3/20,24-HR BLK AVG,4.2,23.0
3/4/20,24-HR BLK AVG,4.0,22.0
3/5/20,24-HR BLK AVG,3.3,18.0
3/6/20,24-HR BLK AVG,2.5,14.0
3/7/20,24-HR BLK AVG,7.0,39.0
3/8/20,24-HR BLK AVG,20.8,73.0
3/9/20,24-HR BLK AVG,10.1,53.0
3/10/20,24-HR BLK AVG,5.4,30.0
3/11/20,24-HR BLK AVG,4.6,26.0
3/12/20,24-HR BLK AVG,7.5,42.0
3/13/20,24-HR BLK AVG,5.0,28.0
3/14/20,24-HR BLK AVG,4.9,27.0
3/15/20,24-HR BLK AVG,5.5,31.0
3/16/20,24-HR BLK AVG,4.7,26.0
3/17/20,24-HR BLK AVG,6.9,38.0
3/18/20,24-HR BLK AVG,6.2,34.0
3/19/20,24-HR BLK AVG,4.3,24.0
3/20/20,24-HR BLK AVG,4.8,27.0
3/21/20,24-HR BLK AVG,5.4,30.0
3/22/20,24-HR BLK AVG,9.3,51.0
3/23/20,24-HR BLK AVG,6.5,36.0
3/24/20,24-HR BLK AVG,7.4,41.0
3/25/20,24-HR BLK AVG,7.2,40.0
3/26/20,24-HR BLK AVG,7.3,41.0
3/27/20,24-HR BLK AVG,6.9,38.0
3/28/20,24-HR BLK AVG,2.5,14.0
3/29/20,24-HR BLK AVG,3.3,18.0
3/30/20,24-HR BLK AVG,5.2,29.0
3/31/20,24-HR BLK AVG,3.8,21.0
4/1/20,24-HR BLK AVG,4.6,26.0
4/2/20,24-HR BLK AVG,7.4,41.0
4/3/20,24-HR BLK AVG,2.1,12.0
4/4/20,24-HR BLK AVG,9.6,52.0
4/5/20,24-HR BLK AVG,12.9,58.0
4/6/20,24-HR BLK AVG,13.2,59.0
4/7/20,24-HR BLK AVG,12.6,58.0
4/8/20,24-HR BLK AVG,6.3,35.0
4/9/20,24-HR BLK AVG,2.1,12.0
4/10/20,24-HR BLK AVG,5.8,32.0
4/11/20,24-HR BLK AVG,26.1,83.0
4/12/20,24-HR BLK AVG,2.7,15.0
4/13/20,24-HR BLK AVG,5.1,28.0
4/14/20,24-HR BLK AVG,3.2,18.0
4/15/20,24-HR BLK AVG,2.8,16.0
4/16/20,24-HR BLK AVG,4.2,23.0
4/17/20,24-HR BLK AVG,6.5,36.0
4/18/20,24-HR BLK AVG,6.5,36.0
4/19/20,24-HR BLK AVG,3.3,18.0
4/20/20,24-HR BLK AVG,2.7,15.0
4/21/20,24-HR BLK AVG,4.6,26.0
4/22/20,24-HR BLK AVG,6.2,34.0
4/23/20,24-HR BLK AVG,7.7,43.0
4/24/20,24-HR BLK AVG,11.3,55.0
4/25/20,24-HR BLK AVG,9.3,51.0
4/26/20,24-HR BLK AVG,9.3,51.0
4/27/20,24-HR BLK AVG,5.8,32.0
4/28/20,24-HR BLK AVG,5.0,28.0
4/29/20,24-HR BLK AVG,1.8,10.0
4/30/20,24-HR BLK AVG,6.0,33.0
5/1/20,24-HR BLK AVG,6.6,37.0
5/2/20,24-HR BLK AVG,3.2,18.0
5/3/20,24-HR BLK AVG,3.5,19.0
5/4/20,24-HR BLK AVG,1.8,10.0
5/5/20,24-HR BLK AVG,2.5,14.0
5/6/20,24-HR BLK AVG,3.3,18.0
5/7/20,24-HR BLK AVG,4.0,22.0
5/8/20,24-HR BLK AVG,2.8,16.0
5/9/20,24-HR BLK AVG,3.5,19.0
5/10/20,24-HR BLK AVG,2.0,11.0
5/11/20,24-HR BLK AVG,3.2,18.0
5/12/20,24-HR BLK AVG,5.1,28.0
5/13/20,24-HR BLK AVG,5.0,28.0
5/14/20,24-HR BLK AVG,3.5,19.0
5/15/20,24-HR BLK AVG,8.9,49.0
5/16/20,24-HR BLK AVG,7.2,40.0
5/17/20,24-HR BLK AVG,0.7,4.0
5/18/20,24-HR BLK AVG,-0.4,0.0
5/19/20,24-HR BLK AVG,1.6,9.0
5/20/20,24-HR BLK AVG,3.1,17.0
5/21/20,24-HR BLK AVG,4.8,27.0
5/24/20,24-HR BLK AVG,4.8,27.0
5/25/20,24-HR BLK AVG,3.1,17.0
5/26/20,24-HR BLK AVG,2.5,14.0
5/27/20,24-HR BLK AVG,0.8,4.0
5/28/20,24-HR BLK AVG,2.9,16.0
5/29/20,24-HR BLK AVG,6.4,36.0
5/30/20,24-HR BLK AVG,10.3,53.0
5/31/20,24-HR BLK AVG,8.4,47.0
6/1/20,24-HR BLK AVG,4.9,27.0
6/2/20,24-HR BLK AVG,5.3,29.0
6/3/20,24-HR BLK AVG,3.7,21.0
6/4/20,24-HR BLK AVG,4.5,25.0
6/5/20,24-HR BLK AVG,7.4,41.0
6/6/20,24-HR BLK AVG,8.7,48.0
6/7/20,24-HR BLK AVG,4.3,24.0
6/8/20,24-HR BLK AVG,7.4,41.0
6/9/20,24-HR BLK AVG,5.2,29.0
6/10/20,24-HR BLK AVG,1.5,8.0
6/11/20,24-HR BLK AVG,2.3,13.0
6/12/20,24-HR BLK AVG,3.3,18.0
6/13/20,24-HR BLK AVG,2.4,13.0
6/14/20,24-HR BLK AVG,2.1,12.0
6/15/20,24-HR BLK AVG,4.1,23.0
6/16/20,24-HR BLK AVG,4.7,26.0
6/17/20,24-HR BLK AVG,12.1,57.0
6/18/20,24-HR BLK AVG,7.2,40.0
6/19/20,24-HR BLK AVG,2.2,12.0
6/20/20,24-HR BLK AVG,4.9,27.0
6/21/20,24-HR BLK AVG,2.5,14.0
6/22/20,24-HR BLK AVG,1.4,8.0
6/23/20,24-HR BLK AVG,1.6,9.0
6/24/20,24-HR BLK AVG,2.4,13.0
6/25/20,24-HR BLK AVG,3.4,19.0
6/26/20,24-HR BLK AVG,2.5,14.0
6/27/20,24-HR BLK AVG,8.6,48.0
6/28/20,24-HR BLK AVG,4.8,27.0
6/29/20,24-HR BLK AVG,6.5,36.0
6/30/20,24-HR BLK AVG,9.3,51.0
7/1/20,24-HR BLK AVG,7.7,43.0
7/2/20,24-HR BLK AVG,10.7,54.0
7/3/20,24-HR BLK AVG,9.3,51.0
7/4/20,24-HR BLK AVG,39.7,111.0
7/5/20,24-HR BLK AVG,12.9,58.0
7/6/20,24-HR BLK AVG,5.7,32.0
7/7/20,24-HR BLK AVG,5.2,29.0
7/8/20,24-HR BLK AVG,9.3,51.0
7/9/20,24-HR BLK AVG,3.9,22.0
7/10/20,24-HR BLK AVG,2.0,11.0
7/11/20,24-HR BLK AVG,3.3,18.0
7/12/20,24-HR BLK AVG,3.7,21.0
7/13/20,24-HR BLK AVG,2.5,14.0
7/14/20,24-HR BLK AVG,2.5,14.0
7/15/20,24-HR BLK AVG,1.5,8.0
7/16/20,24-HR BLK AVG,0.7,4.0
7/17/20,24-HR BLK AVG,5.3,29.0
7/18/20,24-HR BLK AVG,8.7,48.0
7/19/20,24-HR BLK AVG,1.7,9.0
7/20/20,24-HR BLK AVG,1.6,9.0
7/21/20,24-HR BLK AVG,3.7,21.0
7/22/20,24-HR BLK AVG,1.3,7.0
7/23/20,24-HR BLK AVG,0.7,4.0
7/24/20,24-HR BLK AVG,3.2,18.0
7/25/20,24-HR BLK AVG,7.3,41.0
7/26/20,24-HR BLK AVG,0.1,1.0
7/27/20,24-HR BLK AVG,0.0,0.0
7/28/20,24-HR BLK AVG,2.2,12.0
7/29/20,24-HR BLK AVG,4.5,25.0
7/30/20,24-HR BLK AVG,1.7,9.0
7/31/20,24-HR BLK AVG,4.5,25.0
8/1/20,24-HR BLK AVG,4.4,24.0
8/2/20,24-HR BLK AVG,0.6,3.0
8/3/20,24-HR BLK AVG,1.2,7.0
8/4/20,24-HR BLK AVG,3.2,18.0
8/5/20,24-HR BLK AVG,3.1,17.0
8/6/20,24-HR BLK AVG,4.1,23.0
8/7/20,24-HR BLK AVG,6.0,33.0
8/8/20,24-HR BLK AVG,5.2,29.0
8/9/20,24-HR BLK AVG,3.2,18.0
8/10/20,24-HR BLK AVG,2.4,13.0
8/11/20,24-HR BLK AVG,1.2,7.0
8/12/20,24-HR BLK AVG,3.7,21.0
8/13/20,24-HR BLK AVG,6.9,38.0
8/14/20,24-HR BLK AVG,5.7,32.0
8/15/20,24-HR BLK AVG,4.0,22.0
8/16/20,24-HR BLK AVG,4.7,26.0
8/17/20,24-HR BLK AVG,2.7,15.0
8/18/20,24-HR BLK AVG,1.9,11.0
8/19/20,24-HR BLK AVG,2.4,13.0
8/20/20,24-HR BLK AVG,4.9,27.0
8/21/20,24-HR BLK AVG,5.2,29.0
8/22/20,24-HR BLK AVG,4.2,23.0
8/23/20,24-HR BLK AVG,6.6,37.0
8/24/20,24-HR BLK AVG,8.2,46.0
8/25/20,24-HR BLK AVG,9.8,52.0
8/26/20,24-HR BLK AVG,9.8,52.0
8/27/20,24-HR BLK AVG,2.0,11.0
8/28/20,24-HR BLK AVG,-2.5,0.0
8/29/20,24-HR BLK AVG,-1.2,0.0
8/30/20,24-HR BLK AVG,-2.5,0.0
8/31/20,24-HR BLK AVG,-1.5,0.0
9/1/20,24-HR BLK AVG,-1.1,0.0
9/2/20,24-HR BLK AVG,-0.4,0.0
9/3/20,24-HR BLK AVG,1.2,7.0
9/4/20,24-HR BLK AVG,2.6,14.0
9/5/20,24-HR BLK AVG,2.7,15.0
9/6/20,24-HR BLK AVG,2.2,12.0
9/7/20,24-HR BLK AVG,-0.2,0.0
9/8/20,24-HR BLK AVG,-0.9,0.0
9/9/20,24-HR BLK AVG,-1.7,0.0
9/10/20,24-HR BLK AVG,0.0,0.0
9/11/20,24-HR BLK AVG,-1.4,0.0
9/12/20,24-HR BLK AVG,-2.2,0.0
9/13/20,24-HR BLK AVG,0.3,2.0
9/14/20,24-HR BLK AVG,1.7,9.0
9/15/20,24-HR BLK AVG,3.0,17.0
9/16/20,24-HR BLK AVG,5.9,33.0
9/17/20,24-HR BLK AVG,0.6,3.0
9/18/20,24-HR BLK AVG,1.1,6.0
9/19/20,24-HR BLK AVG,3.1,17.0
9/20/20,24-HR BLK AVG,1.6,9.0
9/21/20,24-HR BLK AVG,4.6,26.0
9/22/20,24-HR BLK AVG,8.2,46.0
9/23/20,24-HR BLK AVG,7.5,42.0
9/24/20,24-HR BLK AVG,1.7,9.0
9/25/20,24-HR BLK AVG,3.9,22.0
9/26/20,24-HR BLK AVG,7.3,41.0
9/27/20,24-HR BLK AVG,1.2,7.0
9/28/20,24-HR BLK AVG,-1.3,0.0
9/29/20,24-HR BLK AVG,-0.7,0.0
9/30/20,24-HR BLK AVG,0.0,0.0
10/1/20,24-HR BLK AVG,-0.4,0.0
10/2/20,24-HR BLK AVG,2.4,13.0
10/3/20,24-HR BLK AVG,3.5,19.0
10/4/20,24-HR BLK AVG,4.8,27.0
10/5/20,24-HR BLK AVG,3.4,19.0
10/6/20,24-HR BLK AVG,4.5,25.0
10/7/20,24-HR BLK AVG,2.9,16.0
10/8/20,24-HR BLK AVG,2.6,14.0
10/9/20,24-HR BLK AVG,14.8,62.0
10/10/20,24-HR BLK AVG,11.2,55.0
10/11/20,24-HR BLK AVG,4.4,24.0
10/12/20,24-HR BLK AVG,0.2,1.0
10/13/20,24-HR BLK AVG,0.4,2.0
10/14/20,24-HR BLK AVG,0.7,4.0
10/15/20,24-HR BLK AVG,1.3,7.0
10/16/20,24-HR BLK AVG,3.7,21.0
10/17/20,24-HR BLK AVG,3.4,19.0
10/18/20,24-HR BLK AVG,4.9,27.0
10/19/20,24-HR BLK AVG,4.9,27.0
10/20/20,24-HR BLK AVG,3.8,21.0
10/21/20,24-HR BLK AVG,7.3,41.0
10/22/20,24-HR BLK AVG,7.4,41.0
10/23/20,24-HR BLK AVG,3.8,21.0
10/24/20,24-HR BLK AVG,6.8,38.0
10/25/20,24-HR BLK AVG,4.2,23.0
10/26/20,24-HR BLK AVG,5.0,28.0
10/27/20,24-HR BLK AVG,6.0,33.0
10/28/20,24-HR BLK AVG,5.5,31.0
10/29/20,24-HR BLK AVG,3.7,21.0
10/30/20,24-HR BLK AVG,5.5,31.0
10/31/20,24-HR BLK AVG,4.4,24.0
11/1/20,24-HR BLK AVG,2.6,14.0
11/2/20,24-HR BLK AVG,6.8,38.0
11/3/20,24-HR BLK AVG,6.9,38.0
11/4/20,24-HR BLK AVG,10.1,53.0
11/5/20,24-HR BLK AVG,15.6,63.0
11/6/20,24-HR BLK AVG,9.6,52.0
11/7/20,24-HR BLK AVG,9.3,51.0
11/8/20,24-HR BLK AVG,4.8,27.0
11/9/20,24-HR BLK AVG,1.9,11.0
11/10/20,24-HR BLK AVG,2.7,15.0
11/11/20,24-HR BLK AVG,4.0,22.0
11/12/20,24-HR BLK AVG,5.1,28.0
11/13/20,24-HR BLK AVG,4.4,24.0
11/14/20,24-HR BLK AVG,4.1,23.0
11/15/20,24-HR BLK AVG,6.5,36.0
11/16/20,24-HR BLK AVG,5.3,29.0
11/17/20,24-HR BLK AVG,3.6,20.0
11/18/20,24-HR BLK AVG,4.4,24.0
11/19/20,24-HR BLK AVG,9.4,52.0
11/20/20,24-HR BLK AVG,7.3,41.0
11/21/20,24-HR BLK AVG,15.9,64.0
11/22/20,24-HR BLK AVG,11.2,55.0
11/23/20,24-HR BLK AVG,9.1,51.0
11/24/20,24-HR BLK AVG,6.5,36.0
11/25/20,24-HR BLK AVG,4.0,22.0
11/26/20,24-HR BLK AVG,7.2,40.0
11/27/20,24-HR BLK AVG,4.3,24.0
11/28/20,24-HR BLK AVG,4.0,22.0
11/29/20,24-HR BLK AVG,3.8,21.0
11/30/20,24-HR BLK AVG,2.7,15.0
12/1/20,24-HR BLK AVG,10.0,53.0
12/2/20,24-HR BLK AVG,8.9,49.0
12/3/20,24-HR BLK AVG,3.9,22.0
12/4/20,24-HR BLK AVG,6.6,37.0
12/5/20,24-HR BLK AVG,10.7,54.0
12/6/20,24-HR BLK AVG,11.7,56.0
12/7/20,24-HR BLK AVG,12.5,57.0
12/8/20,24-HR BLK AVG,9.9,52.0
12/9/20,24-HR BLK AVG,10.6,54.0
12/10/20,24-HR BLK AVG,9.7,52.0
12/11/20,24-HR BLK AVG,1.7,9.0
12/12/20,24-HR BLK AVG,0.8,4.0
12/13/20,24-HR BLK AVG,3.5,19.0
12/14/20,24-HR BLK AVG,4.1,23.0
12/15/20,24-HR BLK AVG,3.4,19.0
12/16/20,24-HR BLK AVG,8.8,49.0
12/17/20,24-HR BLK AVG,19.4,70.0
12/18/20,24-HR BLK AVG,16.5,65.0
12/19/20,24-HR BLK AVG,11.7,56.0
12/20/20,24-HR BLK AVG,5.2,29.0
12/21/20,24-HR BLK AVG,2.4,13.0
12/22/20,24-HR BLK AVG,3.6,20.0
12/23/20,24-HR BLK AVG,2.4,13.0
12/24/20,24-HR BLK AVG,2.4,13.0
12/25/20,24-HR BLK AVG,4.3,24.0
12/26/20,24-HR BLK AVG,7.4,41.0
12/27/20,24-HR BLK AVG,6.7,37.0
12/28/20,24-HR BLK AVG,3.5,19.0
12/29/20,24-HR BLK AVG,7.7,43.0
12/30/20,24-HR BLK AVG,7.1,39.0
12/31/20,24-HR BLK AVG,5.4,30.0
1/1/21,24-HR BLK AVG,9.8,52.0
1/2/21,24-HR BLK AVG,14.1,60.0
1/3/21,24-HR BLK AVG,12.8,58.0
1/4/21,24-HR BLK AVG,8.0,44.0
1/5/21,24-HR BLK AVG,8.9,49.0
1/6/21,24-HR BLK AVG,17.6,67.0
1/7/21,24-HR BLK AVG,20.4,72.0
1/8/21,24-HR BLK AVG,10.6,54.0
1/9/21,24-HR BLK AVG,15.2,62.0
1/10/21,24-HR BLK AVG,11.0,55.0
1/11/21,24-HR BLK AVG,3.5,19.0
1/12/21,24-HR BLK AVG,3.7,21.0
1/13/21,24-HR BLK AVG,7.0,39.0
1/14/21,24-HR BLK AVG,11.0,55.0
1/15/21,24-HR BLK AVG,5.1,28.0
1/16/21,24-HR BLK AVG,3.7,21.0
1/17/21,24-HR BLK AVG,7.9,44.0
1/18/21,24-HR BLK AVG,5.6,31.0
1/19/21,24-HR BLK AVG,2.2,12.0
1/20/21,24-HR BLK AVG,1.6,9.0
1/21/21,24-HR BLK AVG,0.5,3.0
1/22/21,24-HR BLK AVG,3.1,17.0
1/23/21,24-HR BLK AVG,4.4,24.0
1/24/21,24-HR BLK AVG,12.8,58.0
1/25/21,24-HR BLK AVG,10.4,53.0
1/26/21,24-HR BLK AVG,1.1,6.0
1/27/21,24-HR BLK AVG,6.8,38.0
1/28/21,24-HR BLK AVG,7.7,43.0
1/29/21,24-HR BLK AVG,15.4,63.0
1/30/21,24-HR BLK AVG,12.8,58.0
1/31/21,24-HR BLK AVG,3.9,22.0
2/1/21,24-HR BLK AVG,10.6,54.0
2/2/21,24-HR BLK AVG,12.5,57.0
2/3/21,24-HR BLK AVG,10.7,54.0
2/4/21,24-HR BLK AVG,8.1,45.0
2/5/21,24-HR BLK AVG,3.7,21.0
2/6/21,24-HR BLK AVG,11.8,56.0
2/7/21,24-HR BLK AVG,3.2,18.0
2/8/21,24-HR BLK AVG,4.7,26.0
2/9/21,24-HR BLK AVG,7.8,43.0
2/10/21,24-HR BLK AVG,4.3,24.0
2/11/21,24-HR BLK AVG,7.5,42.0
2/12/21,24-HR BLK AVG,7.0,39.0
2/13/21,24-HR BLK AVG,15.0,62.0
2/14/21,24-HR BLK AVG,7.7,43.0
2/15/21,24-HR BLK AVG,7.1,39.0
2/16/21,24-HR BLK AVG,9.5,52.0
2/17/21,24-HR BLK AVG,13.5,59.0
2/18/21,24-HR BLK AVG,22.7,76.0
2/19/21,24-HR BLK AVG,22.0,75.0
2/20/21,24-HR BLK AVG,19.9,71.0
2/21/21,24-HR BLK AVG,23.5,78.0
2/22/21,24-HR BLK AVG,8.6,48.0
2/23/21,24-HR BLK AVG,1.4,8.0
2/24/21,24-HR BLK AVG,5.0,28.0
2/25/21,24-HR BLK AVG,6.3,35.0
2/26/21,24-HR BLK AVG,7.7,43.0
2/27/21,24-HR BLK AVG,11.1,55.0
2/28/21,24-HR BLK AVG,7.8,43.0
3/1/21,24-HR BLK AVG,6.0,33.0
3/2/21,24-HR BLK AVG,6.2,34.0
3/3/21,24-HR BLK AVG,9.3,51.0
3/4/21,24-HR BLK AVG,6.7,37.0
3/5/21,24-HR BLK AVG,7.1,39.0
3/6/21,24-HR BLK AVG,11.2,55.0
3/7/21,24-HR BLK AVG,11.7,56.0
3/8/21,24-HR BLK AVG,5.4,30.0
3/9/21,24-HR BLK AVG,12.1,57.0
3/10/21,24-HR BLK AVG,9.1,51.0
3/11/21,24-HR BLK AVG,0.5,3.0
3/12/21,24-HR BLK AVG,8.4,47.0
3/13/21,24-HR BLK AVG,14.4,61.0
3/14/21,24-HR BLK AVG,6.0,33.0
3/15/21,24-HR BLK AVG,3.0,17.0
3/16/21,24-HR BLK AVG,8.0,44.0
3/17/21,24-HR BLK AVG,5.3,29.0
3/18/21,24-HR BLK AVG,1.8,10.0
3/19/21,24-HR BLK AVG,2.0,11.0
3/20/21,24-HR BLK AVG,3.0,17.0
3/21/21,24-HR BLK AVG,4.8,27.0
3/22/21,24-HR BLK AVG,3.3,18.0
3/23/21,24-HR BLK AVG,5.3,29.0
3/24/21,24-HR BLK AVG,1.0,6.0
3/25/21,24-HR BLK AVG,1.3,7.0
3/26/21,24-HR BLK AVG,2.1,12.0
3/27/21,24-HR BLK AVG,1.8,10.0
3/28/21,24-HR BLK AVG,3.1,17.0
3/29/21,24-HR BLK AVG,4.3,24.0
3/30/21,24-HR BLK AVG,4.3,24.0
3/31/21,24-HR BLK AVG,0.9,5.0
4/1/21,24-HR BLK AVG,3.3,18.0
4/2/21,24-HR BLK AVG,10.1,53.0
4/3/21,24-HR BLK AVG,15.6,63.0
4/4/21,24-HR BLK AVG,15.5,63.0
4/5/21,24-HR BLK AVG,8.8,49.0
4/6/21,24-HR BLK AVG,6.3,35.0
4/7/21,24-HR BLK AVG,5.9,33.0
4/8/21,24-HR BLK AVG,1.1,6.0
4/9/21,24-HR BLK AVG,0.6,3.0
4/10/21,24-HR BLK AVG,-0.5,0.0
4/11/21,24-HR BLK AVG,-0.1,0.0
4/12/21,24-HR BLK AVG,0.6,3.0
4/13/21,24-HR BLK AVG,0.0,0.0
4/14/21,24-HR BLK AVG,-0.2,0.0
4/15/21,24-HR BLK AVG,1.3,7.0
4/16/21,24-HR BLK AVG,3.2,18.0
4/17/21,24-HR BLK AVG,2.6,14.0
4/18/21,24-HR BLK AVG,3.3,18.0
4/19/21,24-HR BLK AVG,0.5,3.0
4/20/21,24-HR BLK AVG,1.8,10.0
4/21/21,24-HR BLK AVG,2.4,13.0
4/22/21,24-HR BLK AVG,6.3,35.0
4/23/21,24-HR BLK AVG,6.7,37.0
4/24/21,24-HR BLK AVG,6.9,38.0
4/25/21,24-HR BLK AVG,2.8,16.0
4/26/21,24-HR BLK AVG,5.5,31.0
4/27/21,24-HR BLK AVG,6.4,36.0
4/28/21,24-HR BLK AVG,4.0,22.0
4/29/21,24-HR BLK AVG,2.7,15.0
4/30/21,24-HR BLK AVG,3.3,18.0
5/1/21,24-HR BLK AVG,3.8,21.0
5/2/21,24-HR BLK AVG,6.0,33.0
5/3/21,24-HR BLK AVG,5.2,29.0
5/4/21,24-HR BLK AVG,0.8,4.0
5/5/21,24-HR BLK AVG,2.0,11.0
5/6/21,24-HR BLK AVG,4.2,23.0
5/7/21,24-HR BLK AVG,2.6,14.0
5/8/21,24-HR BLK AVG,1.7,9.0
5/9/21,24-HR BLK AVG,2.1,12.0
5/10/21,24-HR BLK AVG,0.8,4.0
5/11/21,24-HR BLK AVG,4.0,22.0
5/12/21,24-HR BLK AVG,4.2,23.0
5/13/21,24-HR BLK AVG,5.2,29.0
5/14/21,24-HR BLK AVG,4.1,23.0
5/15/21,24-HR BLK AVG,6.1,34.0
5/16/21,24-HR BLK AVG,7.5,42.0
5/17/21,24-HR BLK AVG,7.2,40.0
5/18/21,24-HR BLK AVG,2.6,14.0
5/19/21,24-HR BLK AVG,4.4,24.0
5/20/21,24-HR BLK AVG,2.2,12.0
5/21/21,24-HR BLK AVG,2.4,13.0
5/22/21,24-HR BLK AVG,0.8,4.0
5/23/21,24-HR BLK AVG,-0.1,0.0
5/24/21,24-HR BLK AVG,3.0,17.0
5/25/21,24-HR BLK AVG,2.0,11.0
5/26/21,24-HR BLK AVG,0.7,4.0
5/27/21,24-HR BLK AVG,-0.8,0.0
5/28/21,24-HR BLK AVG,2.3,13.0
5/29/21,24-HR BLK AVG,4.9,27.0
5/30/21,24-HR BLK AVG,3.3,18.0
5/31/21,24-HR BLK AVG,1.0,6.0
6/1/21,24-HR BLK AVG,6.4,36.0
6/2/21,24-HR BLK AVG,2.6,14.0
6/3/21,24-HR BLK AVG,2.7,15.0
6/4/21,24-HR BLK AVG,1.5,8.0
6/5/21,24-HR BLK AVG,3.0,17.0
6/6/21,24-HR BLK AVG,4.4,24.0
6/7/21,24-HR BLK AVG,2.7,15.0
6/8/21,24-HR BLK AVG,4.1,23.0
6/9/21,24-HR BLK AVG,4.6,26.0
6/10/21,24-HR BLK AVG,5.1,28.0
6/11/21,24-HR BLK AVG,2.5,14.0
6/12/21,24-HR BLK AVG,3.5,19.0
6/13/21,24-HR BLK AVG,2.5,14.0
6/14/21,24-HR BLK AVG,3.8,21.0
6/15/21,24-HR BLK AVG,2.7,15.0
6/16/21,24-HR BLK AVG,4.2,23.0
6/17/21,24-HR BLK AVG,6.8,38.0
6/18/21,24-HR BLK AVG,2.9,16.0
6/19/21,24-HR BLK AVG,4.9,27.0
6/20/21,24-HR BLK AVG,2.0,11.0
6/21/21,24-HR BLK AVG,-1.3,0.0
6/22/21,24-HR BLK AVG,0.5,3.0
6/23/21,24-HR BLK AVG,4.5,25.0
6/24/21,24-HR BLK AVG,6.9,38.0
6/25/21,24-HR BLK AVG,5.5,31.0
6/26/21,24-HR BLK AVG,3.2,18.0
6/27/21,24-HR BLK AVG,3.5,19.0
6/28/21,24-HR BLK AVG,2.5,14.0
6/29/21,24-HR BLK AVG,2.2,12.0
6/30/21,24-HR BLK AVG,5.8,32.0
7/1/21,24-HR BLK AVG,9.3,51.0
7/2/21,24-HR BLK AVG,3.6,20.0
7/3/21,24-HR BLK AVG,6.2,34.0
7/4/21,24-HR BLK AVG,9.7,52.0
7/5/21,24-HR BLK AVG,8.5,47.0
7/6/21,24-HR BLK AVG,4.4,24.0
7/7/21,24-HR BLK AVG,-1.6,0.0
7/8/21,24-HR BLK AVG,1.5,8.0
7/9/21,24-HR BLK AVG,1.0,6.0
7/10/21,24-HR BLK AVG,5.6,31.0
7/11/21,24-HR BLK AVG,3.4,19.0
7/15/21,24-HR BLK AVG,15.4,63.0
7/16/21,24-HR BLK AVG,6.9,38.0
7/17/21,24-HR BLK AVG,10.2,53.0
7/18/21,24-HR BLK AVG,8.0,44.0
7/19/21,24-HR BLK AVG,6.2,34.0
7/22/21,24-HR BLK AVG,15.1,62.0
7/23/21,24-HR BLK AVG,17.4,66.0
7/24/21,24-HR BLK AVG,9.4,52.0
7/25/21,24-HR BLK AVG,12.6,58.0
7/26/21,24-HR BLK AVG,11.9,56.0
7/27/21,24-HR BLK AVG,11.6,56.0
7/28/21,24-HR BLK AVG,9.2,51.0
7/29/21,24-HR BLK AVG,31.0,92.0
7/30/21,24-HR BLK AVG,42.3,118.0
7/31/21,24-HR BLK AVG,45.1,125.0
8/1/21,24-HR BLK AVG,27.4,85.0
8/2/21,24-HR BLK AVG,6.7,37.0
8/3/21,24-HR BLK AVG,18.5,69.0
8/4/21,24-HR BLK AVG,15.8,63.0
8/5/21,24-HR BLK AVG,10.0,53.0
8/6/21,24-HR BLK AVG,17.0,66.0
8/9/21,24-HR BLK AVG,4.3,24.0
8/10/21,24-HR BLK AVG,4.2,23.0
8/11/21,24-HR BLK AVG,5.8,32.0
8/12/21,24-HR BLK AVG,0.3,2.0
8/13/21,24-HR BLK AVG,3.2,18.0
8/14/21,24-HR BLK AVG,3.5,19.0
8/15/21,24-HR BLK AVG,3.3,18.0
8/16/21,24-HR BLK AVG,3.2,18.0
8/17/21,24-HR BLK AVG,6.5,36.0
8/18/21,24-HR BLK AVG,7.6,42.0
8/19/21,24-HR BLK AVG,7.8,43.0
8/20/21,24-HR BLK AVG,9.9,52.0
8/21/21,24-HR BLK AVG,0.6,3.0
8/22/21,24-HR BLK AVG,3.5,19.0
8/23/21,24-HR BLK AVG,2.4,13.0
8/24/21,24-HR BLK AVG,-0.5,0.0
8/25/21,24-HR BLK AVG,1.5,8.0
8/26/21,24-HR BLK AVG,1.5,8.0
8/27/21,24-HR BLK AVG,-0.7,0.0
8/28/21,24-HR BLK AVG,0.2,1.0
8/29/21,24-HR BLK AVG,3.1,17.0
8/30/21,24-HR BLK AVG,3.3,18.0
8/31/21,24-HR BLK AVG,5.0,28.0
9/1/21,24-HR BLK AVG,4.2,23.0
9/21/21,24-HR BLK AVG,2.0,11.0
9/22/21,24-HR BLK AVG,2.3,13.0
9/23/21,24-HR BLK AVG,3.2,18.0
9/24/21,24-HR BLK AVG,1.3,7.0
9/25/21,24-HR BLK AVG,4.6,26.0
9/26/21,24-HR BLK AVG,7.2,40.0
9/27/21,24-HR BLK AVG,7.0,39.0
9/28/21,24-HR BLK AVG,2.7,15.0
9/29/21,24-HR BLK AVG,6.9,38.0
9/30/21,24-HR BLK AVG,11.2,55.0
10/1/21,24-HR BLK AVG,7.1,39.0
10/2/21,24-HR BLK AVG,1.5,8.0
10/3/21,24-HR BLK AVG,5.5,31.0
10/4/21,24-HR BLK AVG,1.2,7.0
10/5/21,24-HR BLK AVG,1.8,10.0
10/6/21,24-HR BLK AVG,3.5,19.0
10/7/21,24-HR BLK AVG,4.6,26.0
10/8/21,24-HR BLK AVG,-0.7,0.0
10/9/21,24-HR BLK AVG,3.7,21.0
10/10/21,24-HR BLK AVG,4.6,26.0
10/11/21,24-HR BLK AVG,4.0,22.0
10/12/21,24-HR BLK AVG,1.5,8.0
10/13/21,24-HR BLK AVG,2.3,13.0
10/14/21,24-HR BLK AVG,0.9,5.0
10/15/21,24-HR BLK AVG,1.0,6.0
10/16/21,24-HR BLK AVG,3.5,19.0
10/17/21,24-HR BLK AVG,5.6,31.0
10/18/21,24-HR BLK AVG,4.4,24.0
10/19/21,24-HR BLK AVG,5.7,32.0
10/20/21,24-HR BLK AVG,5.2,29.0
10/21/21,24-HR BLK AVG,-0.3,0.0
10/22/21,24-HR BLK AVG,4.2,23.0
10/23/21,24-HR BLK AVG,9.3,51.0
10/24/21,24-HR BLK AVG,2.4,13.0
10/25/21,24-HR BLK AVG,2.3,13.0
10/26/21,24-HR BLK AVG,2.1,12.0
10/27/21,24-HR BLK AVG,1.6,9.0
10/28/21,24-HR BLK AVG,4.2,23.0
10/29/21,24-HR BLK AVG,3.5,19.0
10/30/21,24-HR BLK AVG,2.8,16.0
10/31/21,24-HR BLK AVG,1.0,6.0
11/1/21,24-HR BLK AVG,0.9,5.0
11/2/21,24-HR BLK AVG,0.7,4.0
11/3/21,24-HR BLK AVG,3.2,18.0
11/4/21,24-HR BLK AVG,5.0,28.0
11/5/21,24-HR BLK AVG,4.7,26.0
11/6/21,24-HR BLK AVG,6.5,36.0
11/7/21,24-HR BLK AVG,8.3,46.0
11/8/21,24-HR BLK AVG,4.5,25.0
11/9/21,24-HR BLK AVG,4.3,24.0
11/10/21,24-HR BLK AVG,3.4,19.0
11/11/21,24-HR BLK AVG,2.8,16.0
11/12/21,24-HR BLK AVG,0.5,3.0
11/13/21,24-HR BLK AVG,-1.0,0.0
11/14/21,24-HR BLK AVG,1.5,8.0
11/15/21,24-HR BLK AVG,2.4,13.0
11/16/21,24-HR BLK AVG,7.0,39.0
11/17/21,24-HR BLK AVG,2.8,16.0
11/18/21,24-HR BLK AVG,1.4,8.0
11/19/21,24-HR BLK AVG,3.5,19.0
11/20/21,24-HR BLK AVG,6.7,37.0
11/21/21,24-HR BLK AVG,5.6,31.0
11/22/21,24-HR BLK AVG,3.2,18.0
11/23/21,24-HR BLK AVG,5.4,30.0
11/24/21,24-HR BLK AVG,6.2,34.0
11/25/21,24-HR BLK AVG,2.7,15.0
11/26/21,24-HR BLK AVG,4.0,22.0
11/27/21,24-HR BLK AVG,6.2,34.0
11/28/21,24-HR BLK AVG,3.8,21.0
11/29/21,24-HR BLK AVG,3.6,20.0
11/30/21,24-HR BLK AVG,5.2,29.0
12/1/21,24-HR BLK AVG,2.6,14.0
12/6/21,24-HR BLK AVG,1.4,8.0
12/7/21,24-HR BLK AVG,1.5,8.0
12/8/21,24-HR BLK AVG,7.1,39.0
12/9/21,24-HR BLK AVG,6.5,36.0
12/10/21,24-HR BLK AVG,5.5,31.0
12/11/21,24-HR BLK AVG,1.7,9.0
12/12/21,24-HR BLK AVG,2.5,14.0
12/13/21,24-HR BLK AVG,6.8,38.0
12/14/21,24-HR BLK AVG,8.5,47.0
12/15/21,24-HR BLK AVG,13.7,60.0
12/16/21,24-HR BLK AVG,4.0,22.0
12/17/21,24-HR BLK AVG,3.9,22.0
12/18/21,24-HR BLK AVG,6.2,34.0
12/19/21,24-HR BLK AVG,5.4,30.0
12/20/21,24-HR BLK AVG,7.2,40.0
12/21/21,24-HR BLK AVG,5.9,33.0
12/22/21,24-HR BLK AVG,6.0,33.0
12/23/21,24-HR BLK AVG,9.4,52.0
12/24/21,24-HR BLK AVG,11.3,55.0
12/25/21,24-HR BLK AVG,6.6,37.0
12/26/21,24-HR BLK AVG,7.6,42.0
12/27/21,24-HR BLK AVG,3.0,17.0
12/28/21,24-HR BLK AVG,5.6,31.0
12/29/21,24-HR BLK AVG,5.2,29.0
12/30/21,24-HR BLK AVG,9.1,51.0
12/31/21,24-HR BLK AVG,12.4,57.0
1/1/22,24-HR BLK AVG,7.8,43.0
1/2/22,24-HR BLK AVG,9.0,50.0
1/3/22,24-HR BLK AVG,9.0,50.0
1/4/22,24-HR BLK AVG,7.8,43.0
1/5/22,24-HR BLK AVG,3.9,22.0
1/6/22,24-HR BLK AVG,3.0,17.0
1/7/22,24-HR BLK AVG,5.6,31.0
1/8/22,24-HR BLK AVG,8.8,49.0
1/9/22,24-HR BLK AVG,6.8,38.0
1/10/22,24-HR BLK AVG,8.4,47.0
1/11/22,24-HR BLK AVG,6.5,36.0
1/12/22,24-HR BLK AVG,6.0,33.0
1/13/22,24-HR BLK AVG,11.6,56.0
1/14/22,24-HR BLK AVG,2.2,12.0
1/15/22,24-HR BLK AVG,4.5,25.0
1/16/22,24-HR BLK AVG,7.1,39.0
1/17/22,24-HR BLK AVG,2.4,13.0
1/18/22,24-HR BLK AVG,6.2,34.0
1/19/22,24-HR BLK AVG,3.5,19.0
1/20/22,24-HR BLK AVG,6.2,34.0
1/21/22,24-HR BLK AVG,5.8,32.0
1/22/22,24-HR BLK AVG,3.5,19.0
1/23/22,24-HR BLK AVG,2.4,13.0
1/24/22,24-HR BLK AVG,3.8,21.0
1/25/22,24-HR BLK AVG,0.5,3.0
1/26/22,24-HR BLK AVG,4.4,24.0
1/27/22,24-HR BLK AVG,1.0,6.0
1/28/22,24-HR BLK AVG,4.4,24.0
1/29/22,24-HR BLK AVG,7.1,39.0
1/30/22,24-HR BLK AVG,12.3,57.0
1/31/22,24-HR BLK AVG,17.1,66.0
2/1/22,24-HR BLK AVG,6.1,34.0
2/2/22,24-HR BLK AVG,4.2,23.0
2/3/22,24-HR BLK AVG,7.6,42.0
2/4/22,24-HR BLK AVG,12.3,57.0
2/5/22,24-HR BLK AVG,11.0,55.0
2/6/22,24-HR BLK AVG,10.7,54.0
2/7/22,24-HR BLK AVG,9.3,51.0
2/8/22,24-HR BLK AVG,10.3,53.0
2/9/22,24-HR BLK AVG,1.9,11.0
2/10/22,24-HR BLK AVG,2.5,14.0
2/11/22,24-HR BLK AVG,3.4,19.0
2/12/22,24-HR BLK AVG,3.6,20.0
2/13/22,24-HR BLK AVG,6.0,33.0
2/14/22,24-HR BLK AVG,8.8,49.0
2/15/22,24-HR BLK AVG,11.7,56.0
2/16/22,24-HR BLK AVG,14.8,62.0
2/17/22,24-HR BLK AVG,4.5,25.0
2/18/22,24-HR BLK AVG,4.4,24.0
2/19/22,24-HR BLK AVG,2.2,12.0
2/20/22,24-HR BLK AVG,4.2,23.0
2/21/22,24-HR BLK AVG,1.9,11.0
2/22/22,24-HR BLK AVG,2.2,12.0
2/23/22,24-HR BLK AVG,8.7,48.0
2/24/22,24-HR BLK AVG,8.6,48.0
2/25/22,24-HR BLK AVG,7.6,42.0
2/26/22,24-HR BLK AVG,8.5,47.0
2/27/22,24-HR BLK AVG,8.9,49.0
2/28/22,24-HR BLK AVG,4.6,26.0
3/1/22,24-HR BLK AVG,8.7,48.0
3/2/22,24-HR BLK AVG,13.5,59.0
3/3/22,24-HR BLK AVG,3.6,20.0
3/4/22,24-HR BLK AVG,4.5,25.0
3/5/22,24-HR BLK AVG,14.5,61.0
3/6/22,24-HR BLK AVG,4.2,23.0
3/7/22,24-HR BLK AVG,3.9,22.0
3/8/22,24-HR BLK AVG,2.4,13.0
3/9/22,24-HR BLK AVG,7.6,42.0
3/10/22,24-HR BLK AVG,2.1,12.0
3/11/22,24-HR BLK AVG,5.2,29.0
3/12/22,24-HR BLK AVG,1.6,9.0
3/13/22,24-HR BLK AVG,4.0,22.0
3/14/22,24-HR BLK AVG,4.5,25.0
3/15/22,24-HR BLK AVG,4.2,23.0
3/16/22,24-HR BLK AVG,10.2,53.0
3/17/22,24-HR BLK AVG,7.1,39.0
3/18/22,24-HR BLK AVG,3.2,18.0
3/19/22,24-HR BLK AVG,6.0,33.0
3/20/22,24-HR BLK AVG,6.4,36.0
3/21/22,24-HR BLK AVG,9.3,51.0
3/22/22,24-HR BLK AVG,3.7,21.0
3/23/22,24-HR BLK AVG,0.0,0.0
3/24/22,24-HR BLK AVG,1.2,7.0
3/25/22,24-HR BLK AVG,1.2,7.0
3/26/22,24-HR BLK AVG,0.4,2.0
3/27/22,24-HR BLK AVG,2.0,11.0
3/28/22,24-HR BLK AVG,4.0,22.0
3/29/22,24-HR BLK AVG,5.8,32.0
3/30/22,24-HR BLK AVG,4.2,23.0
3/31/22,24-HR BLK AVG,2.4,13.0
4/1/22,24-HR BLK AVG,4.2,23.0
4/2/22,24-HR BLK AVG,2.9,16.0
4/3/22,24-HR BLK AVG,4.6,26.0
4/4/22,24-HR BLK AVG,3.9,22.0
4/5/22,24-HR BLK AVG,3.6,20.0
4/6/22,24-HR BLK AVG,0.4,2.0
4/7/22,24-HR BLK AVG,0.0,0.0
4/8/22,24-HR BLK AVG,0.8,4.0
4/9/22,24-HR BLK AVG,4.5,25.0
4/10/22,24-HR BLK AVG,5.2,29.0
4/11/22,24-HR BLK AVG,2.8,16.0
4/12/22,24-HR BLK AVG,5.3,29.0
4/13/22,24-HR BLK AVG,2.7,15.0
4/14/22,24-HR BLK AVG,1.3,7.0
4/15/22,24-HR BLK AVG,-0.2,0.0
4/16/22,24-HR BLK AVG,2.6,14.0
4/17/22,24-HR BLK AVG,4.9,27.0
4/18/22,24-HR BLK AVG,2.5,14.0
4/19/22,24-HR BLK AVG,4.4,24.0
4/20/22,24-HR BLK AVG,4.4,24.0
4/21/22,24-HR BLK AVG,3.8,21.0
4/22/22,24-HR BLK AVG,4.4,24.0
4/23/22,24-HR BLK AVG,8.2,46.0
4/24/22,24-HR BLK AVG,-0.2,0.0
4/25/22,24-HR BLK AVG,0.2,1.0
4/26/22,24-HR BLK AVG,2.4,13.0
4/27/22,24-HR BLK AVG,2.4,13.0
4/28/22,24-HR BLK AVG,5.5,31.0
4/29/22,24-HR BLK AVG,10.7,54.0
4/30/22,24-HR BLK AVG,6.6,37.0
5/1/22,24-HR BLK AVG,1.2,7.0
5/2/22,24-HR BLK AVG,1.2,7.0
5/3/22,24-HR BLK AVG,0.2,1.0
5/4/22,24-HR BLK AVG,2.2,12.0
5/5/22,24-HR BLK AVG,6.0,33.0
5/6/22,24-HR BLK AVG,7.0,39.0
5/7/22,24-HR BLK AVG,4.0,22.0
5/8/22,24-HR BLK AVG,2.5,14.0
5/9/22,24-HR BLK AVG,5.5,31.0
5/10/22,24-HR BLK AVG,1.9,11.0
5/11/22,24-HR BLK AVG,13.4,59.0
5/12/22,24-HR BLK AVG,8.8,49.0
5/13/22,24-HR BLK AVG,2.5,14.0
5/14/22,24-HR BLK AVG,4.2,23.0
5/15/22,24-HR BLK AVG,3.4,19.0
5/16/22,24-HR BLK AVG,4.2,23.0
5/17/22,24-HR BLK AVG,5.2,29.0
5/18/22,24-HR BLK AVG,3.0,17.0
5/19/22,24-HR BLK AVG,5.1,28.0
5/20/22,24-HR BLK AVG,1.5,8.0
5/21/22,24-HR BLK AVG,-0.6,0.0
5/22/22,24-HR BLK AVG,3.2,18.0
5/23/22,24-HR BLK AVG,2.1,12.0
5/24/22,24-HR BLK AVG,4.1,23.0
5/25/22,24-HR BLK AVG,0.9,5.0
5/26/22,24-HR BLK AVG,0.2,1.0
5/27/22,24-HR BLK AVG,1.6,9.0
5/28/22,24-HR BLK AVG,0.8,4.0
5/29/22,24-HR BLK AVG,4.0,22.0
5/30/22,24-HR BLK AVG,7.2,40.0
5/31/22,24-HR BLK AVG,1.3,7.0
6/1/22,24-HR BLK AVG,-0.1,0.0
6/2/22,24-HR BLK AVG,1.8,10.0
6/3/22,24-HR BLK AVG,6.3,35.0
6/4/22,24-HR BLK AVG,4.9,27.0
6/5/22,24-HR BLK AVG,3.1,17.0
6/6/22,24-HR BLK AVG,2.9,16.0
6/7/22,24-HR BLK AVG,2.8,16.0
6/8/22,24-HR BLK AVG,4.0,22.0
6/9/22,24-HR BLK AVG,5.2,29.0
6/10/22,24-HR BLK AVG,6.7,37.0
6/11/22,24-HR BLK AVG,2.7,15.0
6/12/22,24-HR BLK AVG,4.9,27.0
6/13/22,24-HR BLK AVG,6.7,37.0
6/14/22,24-HR BLK AVG,20.0,71.0
6/15/22,24-HR BLK AVG,2.2,12.0
6/16/22,24-HR BLK AVG,1.0,6.0
6/17/22,24-HR BLK AVG,5.5,31.0
6/18/22,24-HR BLK AVG,3.9,22.0
6/19/22,24-HR BLK AVG,39.0,110.0
6/20/22,24-HR BLK AVG,11.4,55.0
6/21/22,24-HR BLK AVG,4.2,23.0
6/22/22,24-HR BLK AVG,1.6,9.0
6/23/22,24-HR BLK AVG,4.5,25.0
6/24/22,24-HR BLK AVG,3.0,17.0
6/25/22,24-HR BLK AVG,1.3,7.0
6/26/22,24-HR BLK AVG,0.7,4.0
6/27/22,24-HR BLK AVG,5.5,31.0
6/28/22,24-HR BLK AVG,6.4,36.0
6/29/22,24-HR BLK AVG,5.1,28.0
6/30/22,24-HR BLK AVG,5.2,29.0
7/1/22,24-HR BLK AVG,4.3,24.0
7/2/22,24-HR BLK AVG,8.7,48.0
7/3/22,24-HR BLK AVG,4.3,24.0
7/4/22,24-HR BLK AVG,7.5,42.0
7/5/22,24-HR BLK AVG,3.7,21.0
7/7/22,24-HR BLK AVG,3.5,19.0
7/8/22,24-HR BLK AVG,2.4,13.0
7/9/22,24-HR BLK AVG,3.4,19.0
7/10/22,24-HR BLK AVG,2.2,12.0
7/11/22,24-HR BLK AVG,2.2,12.0
7/12/22,24-HR BLK AVG,2.0,11.0
7/13/22,24-HR BLK AVG,0.7,4.0
7/14/22,24-HR BLK AVG,2.8,16.0
7/15/22,24-HR BLK AVG,2.3,13.0
7/16/22,24-HR BLK AVG,2.7,15.0
7/17/22,24-HR BLK AVG,3.0,17.0
7/18/22,24-HR BLK AVG,4.2,23.0
7/19/22,24-HR BLK AVG,2.0,11.0
7/20/22,24-HR BLK AVG,8.9,49.0
7/21/22,24-HR BLK AVG,1.2,7.0
7/22/22,24-HR BLK AVG,2.0,11.0
7/23/22,24-HR BLK AVG,3.4,19.0
7/29/22,24-HR BLK AVG,5.4,30.0
7/29/22,24-HR BLK AVG,4.6,26.0
7/30/22,24-HR BLK AVG,6.4,36.0
7/30/22,24-HR BLK AVG,5.5,31.0
7/31/22,24-HR BLK AVG,7.3,41.0
7/31/22,24-HR BLK AVG,6.3,35.0
8/1/22,24-HR BLK AVG,7.2,40.0
8/1/22,24-HR BLK AVG,6.2,34.0
8/2/22,24-HR BLK AVG,10.0,53.0
8/2/22,24-HR BLK AVG,9.0,50.0
8/3/22,24-HR BLK AVG,7.3,41.0
8/3/22,24-HR BLK AVG,6.3,35.0
8/4/22,24-HR BLK AVG,5.6,31.0
8/4/22,24-HR BLK AVG,4.7,26.0
8/5/22,24-HR BLK AVG,8.1,45.0
8/5/22,24-HR BLK AVG,7.1,39.0
8/6/22,24-HR BLK AVG,10.8,54.0
8/6/22,24-HR BLK AVG,9.8,52.0
8/7/22,24-HR BLK AVG,6.1,34.0
8/7/22,24-HR BLK AVG,5.2,29.0
8/8/22,24-HR BLK AVG,5.0,28.0
8/8/22,24-HR BLK AVG,4.2,23.0
8/9/22,24-HR BLK AVG,6.9,38.0
8/9/22,24-HR BLK AVG,6.0,33.0
8/10/22,24-HR BLK AVG,7.6,42.0
8/10/22,24-HR BLK AVG,6.6,37.0
8/11/22,24-HR BLK AVG,6.2,34.0
8/11/22,24-HR BLK AVG,5.2,29.0
8/12/22,24-HR BLK AVG,4.4,24.0
8/12/22,24-HR BLK AVG,3.6,20.0
8/13/22,24-HR BLK AVG,7.6,42.0
8/13/22,24-HR BLK AVG,6.6,37.0
8/14/22,24-HR BLK AVG,4.2,23.0
8/14/22,24-HR BLK AVG,3.4,19.0
8/15/22,24-HR BLK AVG,7.1,39.0
8/15/22,24-HR BLK AVG,6.2,34.0
8/16/22,24-HR BLK AVG,8.9,49.0
8/16/22,24-HR BLK AVG,7.9,44.0
8/17/22,24-HR BLK AVG,10.0,53.0
8/17/22,24-HR BLK AVG,9.0,50.0
8/18/22,24-HR BLK AVG,8.4,47.0
8/18/22,24-HR BLK AVG,7.5,42.0
8/19/22,24-HR BLK AVG,8.7,48.0
8/19/22,24-HR BLK AVG,7.8,43.0
8/20/22,24-HR BLK AVG,7.1,39.0
8/20/22,24-HR BLK AVG,6.1,34.0
8/21/22,24-HR BLK AVG,8.1,45.0
8/21/22,24-HR BLK AVG,7.1,39.0
8/22/22,24-HR BLK AVG,8.5,47.0
8/22/22,24-HR BLK AVG,7.5,42.0
8/23/22,24-HR BLK AVG,8.0,44.0
8/23/22,24-HR BLK AVG,7.0,39.0
8/24/22,24-HR BLK AVG,8.2,46.0
8/24/22,24-HR BLK AVG,7.2,40.0
8/25/22,24-HR BLK AVG,8.1,45.0
8/25/22,24-HR BLK AVG,7.1,39.0
8/26/22,24-HR BLK AVG,10.5,54.0
8/26/22,24-HR BLK AVG,9.5,52.0
8/27/22,24-HR BLK AVG,8.0,44.0
8/27/22,24-HR BLK AVG,7.0,39.0
8/28/22,24-HR BLK AVG,5.5,31.0
8/28/22,24-HR BLK AVG,4.6,26.0
8/29/22,24-HR BLK AVG,8.9,49.0
8/29/22,24-HR BLK AVG,7.9,44.0
8/30/22,24-HR BLK AVG,11.2,55.0
8/30/22,24-HR BLK AVG,10.2,53.0
8/31/22,24-HR BLK AVG,8.0,44.0
8/31/22,24-HR BLK AVG,7.0,39.0
9/1/22,24-HR BLK AVG,8.5,47.0
9/1/22,24-HR BLK AVG,7.5,42.0
9/2/22,24-HR BLK AVG,8.4,47.0
9/2/22,24-HR BLK AVG,7.4,41.0
9/3/22,24-HR BLK AVG,3.8,21.0
9/3/22,24-HR BLK AVG,3.1,17.0
9/4/22,24-HR BLK AVG,4.4,24.0
9/4/22,24-HR BLK AVG,3.7,21.0
9/5/22,24-HR BLK AVG,5.9,33.0
9/5/22,24-HR BLK AVG,4.9,27.0
9/6/22,24-HR BLK AVG,8.4,47.0
9/6/22,24-HR BLK AVG,7.4,41.0
9/7/22,24-HR BLK AVG,13.3,59.0
9/7/22,24-HR BLK AVG,12.3,57.0
9/8/22,24-HR BLK AVG,14.0,60.0
9/8/22,24-HR BLK AVG,13.0,58.0
9/9/22,24-HR BLK AVG,9.4,52.0
9/9/22,24-HR BLK AVG,8.4,47.0
9/10/22,24-HR BLK AVG,8.7,48.0
9/10/22,24-HR BLK AVG,7.7,43.0
9/11/22,24-HR BLK AVG,6.7,37.0
9/11/22,24-HR BLK AVG,5.8,32.0
9/12/22,24-HR BLK AVG,5.7,32.0
9/12/22,24-HR BLK AVG,4.8,27.0
9/13/22,24-HR BLK AVG,9.6,52.0
9/13/22,24-HR BLK AVG,8.6,48.0
9/14/22,24-HR BLK AVG,9.7,52.0
9/14/22,24-HR BLK AVG,8.7,48.0
9/15/22,24-HR BLK AVG,11.0,55.0
9/15/22,24-HR BLK AVG,10.0,53.0
9/16/22,24-HR BLK AVG,13.6,59.0
9/16/22,24-HR BLK AVG,12.6,58.0
9/17/22,24-HR BLK AVG,12.3,57.0
9/17/22,24-HR BLK AVG,11.3,55.0
9/18/22,24-HR BLK AVG,7.2,40.0
9/18/22,24-HR BLK AVG,6.2,34.0
9/19/22,24-HR BLK AVG,11.0,55.0
9/19/22,24-HR BLK AVG,10.0,53.0
9/20/22,24-HR BLK AVG,10.0,53.0
9/20/22,24-HR BLK AVG,9.0,50.0
9/21/22,24-HR BLK AVG,5.3,29.0
9/21/22,24-HR BLK AVG,4.4,24.0
9/22/22,24-HR BLK AVG,3.6,20.0
9/22/22,24-HR BLK AVG,2.9,16.0
9/23/22,24-HR BLK AVG,4.4,24.0
9/23/22,24-HR BLK AVG,3.6,20.0
9/24/22,24-HR BLK AVG,5.3,29.0
9/24/22,24-HR BLK AVG,4.4,24.0
9/25/22,24-HR BLK AVG,3.9,22.0
9/25/22,24-HR BLK AVG,3.1,17.0
9/26/22,24-HR BLK AVG,3.9,22.0
9/26/22,24-HR BLK AVG,3.2,18.0
9/27/22,24-HR BLK AVG,3.7,21.0
9/27/22,24-HR BLK AVG,3.0,17.0
9/28/22,24-HR BLK AVG,6.7,37.0
9/28/22,24-HR BLK AVG,5.9,33.0
9/29/22,24-HR BLK AVG,6.2,34.0
9/29/22,24-HR BLK AVG,5.3,29.0
9/30/22,24-HR BLK AVG,9.8,52.0
9/30/22,24-HR BLK AVG,8.8,49.0
10/1/22,24-HR BLK AVG,7.5,42.0
10/1/22,24-HR BLK AVG,6.5,36.0
10/2/22,24-HR BLK AVG,6.9,38.0
10/2/22,24-HR BLK AVG,5.9,33.0
10/3/22,24-HR BLK AVG,8.4,47.0
10/3/22,24-HR BLK AVG,7.4,41.0
10/4/22,24-HR BLK AVG,11.1,55.0
10/4/22,24-HR BLK AVG,10.1,53.0
10/5/22,24-HR BLK AVG,10.7,54.0
10/5/22,24-HR BLK AVG,9.7,52.0
10/6/22,24-HR BLK AVG,8.6,48.0
10/6/22,24-HR BLK AVG,7.8,43.0
10/7/22,24-HR BLK AVG,4.1,23.0
10/7/22,24-HR BLK AVG,3.5,19.0
10/8/22,24-HR BLK AVG,8.4,47.0
10/8/22,24-HR BLK AVG,7.4,41.0
10/9/22,24-HR BLK AVG,10.7,54.0
10/9/22,24-HR BLK AVG,9.7,52.0
10/10/22,24-HR BLK AVG,14.3,61.0
10/10/22,24-HR BLK AVG,13.3,59.0
10/11/22,24-HR BLK AVG,14.3,61.0
10/11/22,24-HR BLK AVG,13.3,59.0
10/12/22,24-HR BLK AVG,7.0,39.0
10/12/22,24-HR BLK AVG,6.0,33.0
10/13/22,24-HR BLK AVG,8.7,48.0
10/13/22,24-HR BLK AVG,7.7,43.0
10/14/22,24-HR BLK AVG,5.8,32.0
10/14/22,24-HR BLK AVG,4.9,27.0
10/15/22,24-HR BLK AVG,4.2,23.0
10/15/22,24-HR BLK AVG,3.4,19.0
10/16/22,24-HR BLK AVG,3.3,18.0
10/16/22,24-HR BLK AVG,2.6,14.0
10/17/22,24-HR BLK AVG,1.8,10.0
10/17/22,24-HR BLK AVG,1.4,8.0
10/18/22,24-HR BLK AVG,3.6,20.0
10/18/22,24-HR BLK AVG,2.9,16.0
10/19/22,24-HR BLK AVG,6.7,37.0
10/19/22,24-HR BLK AVG,5.8,32.0
10/20/22,24-HR BLK AVG,17.9,67.0
10/20/22,24-HR BLK AVG,16.9,66.0
10/21/22,24-HR BLK AVG,30.4,91.0
10/21/22,24-HR BLK AVG,29.4,89.0
10/22/22,24-HR BLK AVG,22.7,76.0
10/22/22,24-HR BLK AVG,21.7,74.0
10/23/22,24-HR BLK AVG,11.7,56.0
10/23/22,24-HR BLK AVG,10.7,54.0
10/24/22,24-HR BLK AVG,7.0,39.0
10/24/22,24-HR BLK AVG,6.1,34.0
10/25/22,24-HR BLK AVG,4.6,26.0
10/25/22,24-HR BLK AVG,3.8,21.0
10/26/22,24-HR BLK AVG,9.1,51.0
10/26/22,24-HR BLK AVG,8.1,45.0
10/27/22,24-HR BLK AVG,9.1,51.0
10/27/22,24-HR BLK AVG,8.1,45.0
10/28/22,24-HR BLK AVG,12.5,57.0
10/28/22,24-HR BLK AVG,11.5,55.0
10/29/22,24-HR BLK AVG,13.2,59.0
10/29/22,24-HR BLK AVG,12.2,57.0
10/30/22,24-HR BLK AVG,19.5,70.0
10/30/22,24-HR BLK AVG,18.5,69.0
10/31/22,24-HR BLK AVG,22.5,76.0
10/31/22,24-HR BLK AVG,21.5,74.0
11/1/22,24-HR BLK AVG,15.1,62.0
11/1/22,24-HR BLK AVG,13.4,59.0
11/2/22,24-HR BLK AVG,10.7,54.0
11/2/22,24-HR BLK AVG,9.0,50.0
11/3/22,24-HR BLK AVG,13.1,58.0
11/3/22,24-HR BLK AVG,11.2,55.0
11/4/22,24-HR BLK AVG,9.4,52.0
11/4/22,24-HR BLK AVG,7.8,43.0
11/5/22,24-HR BLK AVG,5.7,32.0
11/5/22,24-HR BLK AVG,4.6,26.0
11/6/22,24-HR BLK AVG,6.0,33.0
11/6/22,24-HR BLK AVG,5.0,28.0
11/7/22,24-HR BLK AVG,5.5,31.0
11/7/22,24-HR BLK AVG,4.4,24.0
11/8/22,24-HR BLK AVG,7.3,41.0
11/8/22,24-HR BLK AVG,5.9,33.0
11/9/22,24-HR BLK AVG,11.0,55.0
11/9/22,24-HR BLK AVG,9.1,51.0
11/10/22,24-HR BLK AVG,7.4,41.0
11/10/22,24-HR BLK AVG,6.1,34.0
11/11/22,24-HR BLK AVG,2.9,16.0
11/11/22,24-HR BLK AVG,2.3,13.0
11/12/22,24-HR BLK AVG,2.4,13.0
11/12/22,24-HR BLK AVG,1.9,11.0
11/13/22,24-HR BLK AVG,5.4,30.0
11/13/22,24-HR BLK AVG,4.3,24.0
11/14/22,24-HR BLK AVG,9.9,52.0
11/14/22,24-HR BLK AVG,8.1,45.0
11/15/22,24-HR BLK AVG,15.3,63.0
11/15/22,24-HR BLK AVG,13.4,59.0
11/16/22,24-HR BLK AVG,13.8,60.0
11/16/22,24-HR BLK AVG,12.0,56.0
11/17/22,24-HR BLK AVG,6.2,34.0
11/17/22,24-HR BLK AVG,5.0,28.0
11/18/22,24-HR BLK AVG,5.2,29.0
11/18/22,24-HR BLK AVG,4.2,23.0
11/19/22,24-HR BLK AVG,4.1,23.0
11/19/22,24-HR BLK AVG,3.3,18.0
11/20/22,24-HR BLK AVG,6.1,34.0
11/20/22,24-HR BLK AVG,4.9,27.0
11/21/22,24-HR BLK AVG,11.4,55.0
11/21/22,24-HR BLK AVG,9.8,52.0
11/22/22,24-HR BLK AVG,19.7,71.0
11/22/22,24-HR BLK AVG,17.8,67.0
11/23/22,24-HR BLK AVG,19.3,70.0
11/23/22,24-HR BLK AVG,17.4,66.0
11/24/22,24-HR BLK AVG,17.6,67.0
11/24/22,24-HR BLK AVG,15.7,63.0
11/25/22,24-HR BLK AVG,8.1,45.0
11/25/22,24-HR BLK AVG,6.6,37.0
11/26/22,24-HR BLK AVG,6.4,36.0
11/26/22,24-HR BLK AVG,5.2,29.0
11/27/22,24-HR BLK AVG,5.8,32.0
11/27/22,24-HR BLK AVG,4.7,26.0
11/28/22,24-HR BLK AVG,8.6,48.0
11/28/22,24-HR BLK AVG,7.0,39.0
11/29/22,24-HR BLK AVG,8.1,45.0
11/29/22,24-HR BLK AVG,6.6,37.0
11/30/22,24-HR BLK AVG,4.8,27.0
11/30/22,24-HR BLK AVG,3.8,21.0
12/1/22,24-HR BLK AVG,6.0,33.0
12/1/22,24-HR BLK AVG,4.8,27.0
12/2/22,24-HR BLK AVG,6.4,36.0
12/2/22,24-HR BLK AVG,5.2,29.0
12/3/22,24-HR BLK AVG,3.9,22.0
12/3/22,24-HR BLK AVG,3.1,17.0
12/4/22,24-HR BLK AVG,6.8,38.0
12/4/22,24-HR BLK AVG,5.4,30.0
12/5/22,24-HR BLK AVG,8.2,46.0
12/5/22,24-HR BLK AVG,6.6,37.0
12/6/22,24-HR BLK AVG,11.8,56.0
12/6/22,24-HR BLK AVG,10.0,53.0
12/7/22,24-HR BLK AVG,15.9,64.0
12/7/22,24-HR BLK AVG,14.0,60.0
12/8/22,24-HR BLK AVG,20.7,73.0
12/8/22,24-HR BLK AVG,18.8,69.0
12/9/22,24-HR BLK AVG,10.8,54.0
12/9/22,24-HR BLK AVG,9.0,50.0
12/10/22,24-HR BLK AVG,7.9,44.0
12/10/22,24-HR BLK AVG,6.4,36.0
12/11/22,24-HR BLK AVG,13.1,58.0
12/11/22,24-HR BLK AVG,11.2,55.0
12/12/22,24-HR BLK AVG,11.8,56.0
12/12/22,24-HR BLK AVG,10.0,53.0
12/13/22,24-HR BLK AVG,15.3,63.0
12/13/22,24-HR BLK AVG,13.4,59.0
12/14/22,24-HR BLK AVG,5.1,28.0
12/14/22,24-HR BLK AVG,4.1,23.0
12/15/22,24-HR BLK AVG,5.7,32.0
12/15/22,24-HR BLK AVG,4.6,26.0
12/16/22,24-HR BLK AVG,4.8,27.0
12/16/22,24-HR BLK AVG,3.9,22.0
12/17/22,24-HR BLK AVG,4.1,23.0
12/17/22,24-HR BLK AVG,3.2,18.0
12/18/22,24-HR BLK AVG,4.9,27.0
12/18/22,24-HR BLK AVG,3.9,22.0
12/19/22,24-HR BLK AVG,8.8,49.0
12/19/22,24-HR BLK AVG,7.2,40.0
12/20/22,24-HR BLK AVG,6.1,34.0
12/20/22,24-HR BLK AVG,4.9,27.0
12/21/22,24-HR BLK AVG,8.6,48.0
12/21/22,24-HR BLK AVG,7.0,39.0
12/22/22,24-HR BLK AVG,5.6,31.0
12/22/22,24-HR BLK AVG,4.5,25.0
12/23/22,24-HR BLK AVG,4.0,22.0
12/23/22,24-HR BLK AVG,3.2,18.0
12/24/22,24-HR BLK AVG,3.3,18.0
12/24/22,24-HR BLK AVG,2.6,14.0
12/25/22,24-HR BLK AVG,3.1,17.0
12/25/22,24-HR BLK AVG,2.5,14.0
12/26/22,24-HR BLK AVG,4.8,27.0
12/26/22,24-HR BLK AVG,3.9,22.0
12/27/22,24-HR BLK AVG,6.0,33.0
12/27/22,24-HR BLK AVG,4.8,27.0
12/28/22,24-HR BLK AVG,8.9,49.0
12/28/22,24-HR BLK AVG,7.2,40.0
12/29/22,24-HR BLK AVG,14.5,61.0
12/29/22,24-HR BLK AVG,12.6,58.0
12/30/22,24-HR BLK AVG,7.2,40.0
12/30/22,24-HR BLK AVG,6.0,33.0
12/31/22,24-HR BLK AVG,8.2,46.0
12/31/22,24-HR BLK AVG,6.7,37.0
1/1/23,24-HR BLK AVG,10.3,53.0
1/1/23,24-HR BLK AVG,8.4,47.0
1/2/23,24-HR BLK AVG,15.6,63.0
1/2/23,24-HR BLK AVG,13.7,60.0
1/3/23,24-HR BLK AVG,8.8,49.0
1/3/23,24-HR BLK AVG,7.4,41.0
1/4/23,24-HR BLK AVG,5.1,28.0
1/4/23,24-HR BLK AVG,4.1,23.0
1/5/23,24-HR BLK AVG,6.3,35.0
1/5/23,24-HR BLK AVG,5.3,29.0
1/6/23,24-HR BLK AVG,15.3,63.0
1/6/23,24-HR BLK AVG,13.4,59.0
1/7/23,24-HR BLK AVG,34.8,99.0
1/7/23,24-HR BLK AVG,32.9,95.0
1/8/23,24-HR BLK AVG,29.6,89.0
1/8/23,24-HR BLK AVG,27.7,86.0
1/9/23,24-HR BLK AVG,22.4,76.0
1/9/23,24-HR BLK AVG,20.5,72.0
1/10/23,24-HR BLK AVG,35.4,100.0
1/10/23,24-HR BLK AVG,33.5,96.0
1/11/23,24-HR BLK AVG,32.8,95.0
1/11/23,24-HR BLK AVG,30.9,92.0
1/12/23,24-HR BLK AVG,21.6,74.0
1/12/23,24-HR BLK AVG,19.8,71.0
1/13/23,24-HR BLK AVG,6.4,36.0
1/13/23,24-HR BLK AVG,5.2,29.0
1/14/23,24-HR BLK AVG,10.2,53.0
1/14/23,24-HR BLK AVG,8.4,47.0
1/15/23,24-HR BLK AVG,10.7,54.0
1/15/23,24-HR BLK AVG,8.9,49.0
1/16/23,24-HR BLK AVG,6.7,37.0
1/16/23,24-HR BLK AVG,5.4,30.0
1/17/23,24-HR BLK AVG,8.7,48.0
1/17/23,24-HR BLK AVG,7.1,39.0
1/18/23,24-HR BLK AVG,9.9,52.0
1/18/23,24-HR BLK AVG,8.3,46.0
1/19/23,24-HR BLK AVG,3.1,17.0
1/19/23,24-HR BLK AVG,2.5,14.0
1/20/23,24-HR BLK AVG,5.7,32.0
1/20/23,24-HR BLK AVG,4.6,26.0
1/21/23,24-HR BLK AVG,7.8,43.0
1/21/23,24-HR BLK AVG,6.4,36.0
1/22/23,24-HR BLK AVG,9.9,52.0
1/22/23,24-HR BLK AVG,8.1,45.0
1/23/23,24-HR BLK AVG,11.1,55.0
1/23/23,24-HR BLK AVG,9.3,51.0
1/24/23,24-HR BLK AVG,10.9,54.0
1/24/23,24-HR BLK AVG,9.4,52.0
1/25/23,24-HR BLK AVG,19.5,70.0
1/25/23,24-HR BLK AVG,17.9,67.0
1/26/23,24-HR BLK AVG,4.9,27.0
1/26/23,24-HR BLK AVG,4.0,22.0
1/27/23,24-HR BLK AVG,6.8,38.0
1/27/23,24-HR BLK AVG,5.5,31.0
1/28/23,24-HR BLK AVG,4.2,23.0
1/28/23,24-HR BLK AVG,3.3,18.0
1/29/23,24-HR BLK AVG,4.6,26.0
1/29/23,24-HR BLK AVG,3.7,21.0
1/30/23,24-HR BLK AVG,6.0,33.0
1/30/23,24-HR BLK AVG,4.8,27.0
1/31/23,24-HR BLK AVG,7.8,43.0
1/31/23,24-HR BLK AVG,6.4,36.0
2/1/23,24-HR BLK AVG,13.6,59.0
2/1/23,24-HR BLK AVG,11.7,56.0
2/2/23,24-HR BLK AVG,10.5,54.0
2/2/23,24-HR BLK AVG,9.2,51.0
2/3/23,24-HR BLK AVG,4.6,26.0
2/3/23,24-HR BLK AVG,3.7,21.0
2/4/23,24-HR BLK AVG,9.8,52.0
2/4/23,24-HR BLK AVG,8.3,46.0
2/5/23,24-HR BLK AVG,14.4,61.0
2/5/23,24-HR BLK AVG,12.6,58.0
2/6/23,24-HR BLK AVG,16.4,65.0
2/6/23,24-HR BLK AVG,14.5,61.0
2/7/23,24-HR BLK AVG,6.7,37.0
2/7/23,24-HR BLK AVG,5.5,31.0
2/8/23,24-HR BLK AVG,6.4,36.0
2/8/23,24-HR BLK AVG,5.1,28.0
2/9/23,24-HR BLK AVG,10.3,53.0
2/9/23,24-HR BLK AVG,8.8,49.0
2/10/23,24-HR BLK AVG,3.9,22.0
2/10/23,24-HR BLK AVG,3.1,17.0
2/11/23,24-HR BLK AVG,4.5,25.0
2/11/23,24-HR BLK AVG,3.6,20.0
2/12/23,24-HR BLK AVG,7.5,42.0
2/12/23,24-HR BLK AVG,6.0,33.0
2/13/23,24-HR BLK AVG,5.7,32.0
2/13/23,24-HR BLK AVG,4.6,26.0
2/14/23,24-HR BLK AVG,6.5,36.0
2/14/23,24-HR BLK AVG,5.2,29.0
2/15/23,24-HR BLK AVG,4.0,22.0
2/15/23,24-HR BLK AVG,3.2,18.0
2/16/23,24-HR BLK AVG,3.7,21.0
2/16/23,24-HR BLK AVG,2.9,16.0
2/17/23,24-HR BLK AVG,4.6,26.0
2/17/23,24-HR BLK AVG,3.7,21.0
2/18/23,24-HR BLK AVG,9.4,52.0
2/18/23,24-HR BLK AVG,7.7,43.0
2/19/23,24-HR BLK AVG,8.1,45.0
2/19/23,24-HR BLK AVG,6.6,37.0
2/20/23,24-HR BLK AVG,9.1,51.0
2/20/23,24-HR BLK AVG,7.4,41.0
2/21/23,24-HR BLK AVG,4.4,24.0
2/21/23,24-HR BLK AVG,3.6,20.0
2/22/23,24-HR BLK AVG,3.6,20.0
2/22/23,24-HR BLK AVG,2.9,16.0
2/23/23,24-HR BLK AVG,3.3,18.0
2/23/23,24-HR BLK AVG,2.6,14.0
2/24/23,24-HR BLK AVG,5.9,33.0
2/24/23,24-HR BLK AVG,4.7,26.0
2/25/23,24-HR BLK AVG,8.8,49.0
2/25/23,24-HR BLK AVG,7.2,40.0
2/26/23,24-HR BLK AVG,11.3,55.0
2/26/23,24-HR BLK AVG,9.6,52.0
2/27/23,24-HR BLK AVG,9.6,52.0
2/27/23,24-HR BLK AVG,8.0,44.0
2/28/23,24-HR BLK AVG,7.6,42.0
2/28/23,24-HR BLK AVG,6.2,34.0
3/1/23,24-HR BLK AVG,7.5,42.0
3/1/23,24-HR BLK AVG,6.1,34.0
3/2/23,24-HR BLK AVG,4.6,26.0
3/2/23,24-HR BLK AVG,3.7,21.0
3/3/23,24-HR BLK AVG,15.1,62.0
3/3/23,24-HR BLK AVG,13.3,59.0
3/4/23,24-HR BLK AVG,11.3,55.0
3/4/23,24-HR BLK AVG,9.8,52.0
3/5/23,24-HR BLK AVG,7.5,42.0
3/5/23,24-HR BLK AVG,6.1,34.0
3/6/23,24-HR BLK AVG,2.8,16.0
3/6/23,24-HR BLK AVG,2.2,12.0
3/7/23,24-HR BLK AVG,3.3,18.0
3/7/23,24-HR BLK AVG,2.6,14.0
3/8/23,24-HR BLK AVG,4.5,25.0
3/8/23,24-HR BLK AVG,3.6,20.0
3/9/23,24-HR BLK AVG,3.9,22.0
3/9/23,24-HR BLK AVG,3.1,17.0
3/10/23,24-HR BLK AVG,3.4,19.0
3/10/23,24-HR BLK AVG,2.7,15.0
3/11/23,24-HR BLK AVG,5.5,31.0
3/11/23,24-HR BLK AVG,4.4,24.0
3/12/23,24-HR BLK AVG,7.0,39.0
3/12/23,24-HR BLK AVG,5.7,32.0
3/13/23,24-HR BLK AVG,3.6,20.0
3/13/23,24-HR BLK AVG,2.9,16.0
3/14/23,24-HR BLK AVG,9.3,51.0
3/14/23,24-HR BLK AVG,7.7,43.0
3/15/23,24-HR BLK AVG,10.5,54.0
3/15/23,24-HR BLK AVG,8.8,49.0
3/21/23,24-HR BLK AVG,12.7,58.0
3/21/23,24-HR BLK AVG,10.9,54.0
3/22/23,24-HR BLK AVG,8.6,48.0
3/22/23,24-HR BLK AVG,7.0,39.0
3/23/23,24-HR BLK AVG,9.1,51.0
3/23/23,24-HR BLK AVG,7.4,41.0
3/24/23,24-HR BLK AVG,10.1,53.0
3/24/23,24-HR BLK AVG,8.6,48.0
3/25/23,24-HR BLK AVG,7.8,43.0
3/25/23,24-HR BLK AVG,6.3,35.0
3/26/23,24-HR BLK AVG,12.6,58.0
3/26/23,24-HR BLK AVG,10.7,54.0
3/27/23,24-HR BLK AVG,7.3,41.0
3/27/23,24-HR BLK AVG,5.9,33.0
3/28/23,24-HR BLK AVG,9.1,51.0
3/28/23,24-HR BLK AVG,7.6,42.0
3/29/23,24-HR BLK AVG,8.0,44.0
3/29/23,24-HR BLK AVG,6.5,36.0
3/30/23,24-HR BLK AVG,13.2,59.0
3/30/23,24-HR BLK AVG,11.4,55.0
3/31/23,24-HR BLK AVG,8.5,47.0
3/31/23,24-HR BLK AVG,7.3,41.0
4/1/23,24-HR BLK AVG,4.8,27.0
4/1/23,24-HR BLK AVG,3.9,22.0
4/2/23,24-HR BLK AVG,6.7,37.0
4/2/23,24-HR BLK AVG,5.5,31.0
4/3/23,24-HR BLK AVG,5.9,33.0
4/3/23,24-HR BLK AVG,4.8,27.0
4/4/23,24-HR BLK AVG,6.7,37.0
4/4/23,24-HR BLK AVG,5.5,31.0
4/5/23,24-HR BLK AVG,4.6,26.0
4/5/23,24-HR BLK AVG,3.7,21.0
4/6/23,24-HR BLK AVG,4.4,24.0
4/6/23,24-HR BLK AVG,3.5,19.0
4/7/23,24-HR BLK AVG,10.6,54.0
4/7/23,24-HR BLK AVG,9.2,51.0
4/8/23,24-HR BLK AVG,10.5,54.0
4/8/23,24-HR BLK AVG,8.7,48.0
4/9/23,24-HR BLK AVG,9.1,51.0
4/9/23,24-HR BLK AVG,7.5,42.0
4/10/23,24-HR BLK AVG,11.9,56.0
4/10/23,24-HR BLK AVG,10.4,53.0
4/11/23,24-HR BLK AVG,14.4,61.0
4/11/23,24-HR BLK AVG,13.0,58.0
4/12/23,24-HR BLK AVG,10.2,53.0
4/12/23,24-HR BLK AVG,8.9,49.0
4/13/23,24-HR BLK AVG,11.3,55.0
4/13/23,24-HR BLK AVG,10.0,53.0
4/14/23,24-HR BLK AVG,16.5,65.0
4/14/23,24-HR BLK AVG,15.0,62.0
4/15/23,24-HR BLK AVG,7.7,43.0
4/15/23,24-HR BLK AVG,6.4,36.0
4/16/23,24-HR BLK AVG,1.3,7.0
4/16/23,24-HR BLK AVG,1.0,6.0
4/17/23,24-HR BLK AVG,4.0,22.0
4/17/23,24-HR BLK AVG,3.2,18.0
4/18/23,24-HR BLK AVG,4.8,27.0
4/18/23,24-HR BLK AVG,3.9,22.0
4/19/23,24-HR BLK AVG,6.6,37.0
4/19/23,24-HR BLK AVG,5.3,29.0
4/20/23,24-HR BLK AVG,4.7,26.0
4/20/23,24-HR BLK AVG,3.8,21.0
4/21/23,24-HR BLK AVG,2.6,14.0
4/21/23,24-HR BLK AVG,2.1,12.0
4/22/23,24-HR BLK AVG,2.7,15.0
4/22/23,24-HR BLK AVG,2.1,12.0
4/23/23,24-HR BLK AVG,6.3,35.0
4/23/23,24-HR BLK AVG,5.2,29.0
4/24/23,24-HR BLK AVG,9.0,50.0
4/24/23,24-HR BLK AVG,7.5,42.0
4/25/23,24-HR BLK AVG,5.1,28.0
4/25/23,24-HR BLK AVG,4.1,23.0
4/26/23,24-HR BLK AVG,9.1,51.0
4/26/23,24-HR BLK AVG,7.6,42.0
4/27/23,24-HR BLK AVG,11.0,55.0
4/27/23,24-HR BLK AVG,9.4,52.0
4/28/23,24-HR BLK AVG,9.3,51.0
4/28/23,24-HR BLK AVG,7.8,43.0
4/29/23,24-HR BLK AVG,5.3,29.0
4/29/23,24-HR BLK AVG,4.2,23.0
4/30/23,24-HR BLK AVG,1.7,9.0
4/30/23,24-HR BLK AVG,1.3,7.0
5/1/23,24-HR BLK AVG,2.9,16.0
5/1/23,24-HR BLK AVG,2.3,13.0
5/2/23,24-HR BLK AVG,3.6,20.0
5/2/23,24-HR BLK AVG,2.9,16.0
5/3/23,24-HR BLK AVG,5.5,31.0
5/3/23,24-HR BLK AVG,4.4,24.0
5/4/23,24-HR BLK AVG,9.3,51.0
5/4/23,24-HR BLK AVG,8.0,44.0
5/5/23,24-HR BLK AVG,9.6,52.0
5/5/23,24-HR BLK AVG,8.0,44.0
5/6/23,24-HR BLK AVG,8.0,44.0
5/6/23,24-HR BLK AVG,6.5,36.0
5/7/23,24-HR BLK AVG,10.9,54.0
5/7/23,24-HR BLK AVG,9.2,51.0
5/8/23,24-HR BLK AVG,7.3,41.0
5/8/23,24-HR BLK AVG,6.1,34.0
5/9/23,24-HR BLK AVG,7.2,40.0
5/9/23,24-HR BLK AVG,6.0,33.0
5/10/23,24-HR BLK AVG,9.1,51.0
5/10/23,24-HR BLK AVG,7.7,43.0
5/11/23,24-HR BLK AVG,9.7,52.0
5/11/23,24-HR BLK AVG,8.2,46.0
5/12/23,24-HR BLK AVG,9.3,51.0
5/12/23,24-HR BLK AVG,7.7,43.0
5/13/23,24-HR BLK AVG,8.9,49.0
5/13/23,24-HR BLK AVG,7.4,41.0
5/14/23,24-HR BLK AVG,7.0,39.0
5/14/23,24-HR BLK AVG,5.7,32.0
5/15/23,24-HR BLK AVG,8.9,49.0
5/15/23,24-HR BLK AVG,7.5,42.0
5/16/23,24-HR BLK AVG,9.4,52.0
5/16/23,24-HR BLK AVG,8.0,44.0
5/17/23,24-HR BLK AVG,7.3,41.0
5/17/23,24-HR BLK AVG,5.9,33.0
5/18/23,24-HR BLK AVG,30.6,91.0
5/18/23,24-HR BLK AVG,29.2,88.0
5/19/23,24-HR BLK AVG,11.0,55.0
5/19/23,24-HR BLK AVG,9.8,52.0
5/20/23,24-HR BLK AVG,12.7,58.0
5/20/23,24-HR BLK AVG,11.1,55.0
5/21/23,24-HR BLK AVG,17.2,66.0
5/21/23,24-HR BLK AVG,15.7,63.0
5/22/23,24-HR BLK AVG,20.5,72.0
5/22/23,24-HR BLK AVG,19.1,70.0
5/23/23,24-HR BLK AVG,19.8,71.0
5/23/23,24-HR BLK AVG,18.3,68.0
5/24/23,24-HR BLK AVG,14.9,62.0
5/24/23,24-HR BLK AVG,13.5,59.0
5/25/23,24-HR BLK AVG,6.0,33.0
5/25/23,24-HR BLK AVG,4.9,27.0
5/26/23,24-HR BLK AVG,9.4,52.0
5/26/23,24-HR BLK AVG,8.1,45.0
5/27/23,24-HR BLK AVG,11.5,55.0
5/27/23,24-HR BLK AVG,10.1,53.0
5/28/23,24-HR BLK AVG,8.9,49.0
5/28/23,24-HR BLK AVG,7.5,42.0
5/29/23,24-HR BLK AVG,7.9,44.0
5/29/23,24-HR BLK AVG,6.7,37.0
5/30/23,24-HR BLK AVG,11.1,55.0
5/30/23,24-HR BLK AVG,9.9,52.0
5/31/23,24-HR BLK AVG,14.0,60.0
5/31/23,24-HR BLK AVG,12.8,58.0
6/1/23,24-HR BLK AVG,12.0,56.0
6/1/23,24-HR BLK AVG,10.8,54.0
6/2/23,24-HR BLK AVG,13.1,58.0
6/2/23,24-HR BLK AVG,11.8,56.0
6/3/23,24-HR BLK AVG,14.5,61.0
6/3/23,24-HR BLK AVG,13.2,59.0
6/4/23,24-HR BLK AVG,29.8,90.0
6/4/23,24-HR BLK AVG,28.5,87.0
6/5/23,24-HR BLK AVG,41.1,115.0
6/5/23,24-HR BLK AVG,39.8,112.0
6/6/23,24-HR BLK AVG,27.0,84.0
6/6/23,24-HR BLK AVG,25.7,82.0
6/7/23,24-HR BLK AVG,17.6,67.0
6/7/23,24-HR BLK AVG,16.2,64.0
6/8/23,24-HR BLK AVG,12.6,58.0
6/8/23,24-HR BLK AVG,11.2,55.0
6/9/23,24-HR BLK AVG,18.1,68.0
6/9/23,24-HR BLK AVG,16.7,65.0
6/10/23,24-HR BLK AVG,18.9,69.0
6/10/23,24-HR BLK AVG,17.5,67.0
6/11/23,24-HR BLK AVG,6.0,33.0
6/11/23,24-HR BLK AVG,4.9,27.0
6/12/23,24-HR BLK AVG,11.1,55.0
6/12/23,24-HR BLK AVG,9.6,52.0
6/13/23,24-HR BLK AVG,13.7,60.0
6/13/23,24-HR BLK AVG,12.3,57.0
6/14/23,24-HR BLK AVG,53.5,145.0
6/14/23,24-HR BLK AVG,52.2,142.0
6/15/23,24-HR BLK AVG,49.8,136.0
6/15/23,24-HR BLK AVG,48.3,133.0
6/16/23,24-HR BLK AVG,20.7,73.0
6/16/23,24-HR BLK AVG,19.2,70.0
6/17/23,24-HR BLK AVG,22.4,76.0
6/17/23,24-HR BLK AVG,21.1,73.0
6/18/23,24-HR BLK AVG,20.5,72.0
6/18/23,24-HR BLK AVG,19.1,70.0
6/19/23,24-HR BLK AVG,15.1,62.0
6/19/23,24-HR BLK AVG,13.9,60.0
6/20/23,24-HR BLK AVG,21.7,74.0
6/20/23,24-HR BLK AVG,20.5,72.0
6/21/23,24-HR BLK AVG,18.4,68.0
6/21/23,24-HR BLK AVG,17.2,66.0
6/22/23,24-HR BLK AVG,18.6,69.0
6/22/23,24-HR BLK AVG,17.4,66.0
6/23/23,24-HR BLK AVG,17.8,67.0
6/23/23,24-HR BLK AVG,16.5,65.0
6/24/23,24-HR BLK AVG,12.6,58.0
6/24/23,24-HR BLK AVG,11.5,55.0
6/25/23,24-HR BLK AVG,6.4,36.0
6/25/23,24-HR BLK AVG,5.4,30.0
6/26/23,24-HR BLK AVG,16.4,65.0
6/26/23,24-HR BLK AVG,14.9,62.0
6/27/23,24-HR BLK AVG,44.4,123.0
6/27/23,24-HR BLK AVG,43.1,120.0
6/28/23,24-HR BLK AVG,77.8,167.0
6/28/23,24-HR BLK AVG,76.6,166.0
6/29/23,24-HR BLK AVG,31.2,92.0
6/29/23,24-HR BLK AVG,30.0,90.0
6/30/23,24-HR BLK AVG,14.5,61.0
6/30/23,24-HR BLK AVG,13.3,59.0
7/1/23,24-HR BLK AVG,20.0,71.0
7/1/23,24-HR BLK AVG,18.9,69.0
7/2/23,24-HR BLK AVG,17.4,66.0
7/2/23,24-HR BLK AVG,16.2,64.0
7/3/23,24-HR BLK AVG,12.7,58.0
7/3/23,24-HR BLK AVG,11.4,55.0
7/4/23,24-HR BLK AVG,12.7,58.0
7/4/23,24-HR BLK AVG,11.7,56.0
7/5/23,24-HR BLK AVG,7.8,43.0
7/5/23,24-HR BLK AVG,6.8,38.0
7/6/23,24-HR BLK AVG,3.6,20.0
7/6/23,24-HR BLK AVG,2.9,16.0
7/7/23,24-HR BLK AVG,5.5,31.0
7/7/23,24-HR BLK AVG,4.4,24.0
7/8/23,24-HR BLK AVG,7.1,39.0
7/8/23,24-HR BLK AVG,5.9,33.0
7/9/23,24-HR BLK AVG,8.0,44.0
7/9/23,24-HR BLK AVG,6.8,38.0
7/10/23,24-HR BLK AVG,7.6,42.0
7/10/23,24-HR BLK AVG,6.5,36.0
7/11/23,24-HR BLK AVG,4.7,26.0
7/11/23,24-HR BLK AVG,3.8,21.0
7/12/23,24-HR BLK AVG,6.2,34.0
7/12/23,24-HR BLK AVG,5.0,28.0
7/13/23,24-HR BLK AVG,7.0,39.0
7/13/23,24-HR BLK AVG,5.8,32.0
7/14/23,24-HR BLK AVG,10.4,53.0
7/14/23,24-HR BLK AVG,9.3,51.0
7/15/23,24-HR BLK AVG,45.6,126.0
7/15/23,24-HR BLK AVG,44.2,122.0
7/16/23,24-HR BLK AVG,29.0,88.0
7/16/23,24-HR BLK AVG,27.8,86.0
7/17/23,24-HR BLK AVG,5.4,30.0
7/17/23,24-HR BLK AVG,4.4,24.0
7/18/23,24-HR BLK AVG,6.7,37.0
7/18/23,24-HR BLK AVG,5.5,31.0
7/19/23,24-HR BLK AVG,9.1,51.0
7/19/23,24-HR BLK AVG,8.0,44.0
7/20/23,24-HR BLK AVG,8.1,45.0
7/20/23,24-HR BLK AVG,6.9,38.0
7/21/23,24-HR BLK AVG,8.8,49.0
7/21/23,24-HR BLK AVG,7.6,42.0
7/25/23,24-HR BLK AVG,24.0,79.0
7/25/23,24-HR BLK AVG,22.7,76.0
7/26/23,24-HR BLK AVG,5.4,30.0
7/26/23,24-HR BLK AVG,4.6,26.0
7/27/23,24-HR BLK AVG,10.2,53.0
7/27/23,24-HR BLK AVG,9.2,51.0
7/28/23,24-HR BLK AVG,6.3,35.0
7/28/23,24-HR BLK AVG,5.4,30.0
7/29/23,24-HR BLK AVG,7.5,42.0
7/29/23,24-HR BLK AVG,6.3,35.0
7/30/23,24-HR BLK AVG,6.8,38.0
7/30/23,24-HR BLK AVG,5.5,31.0
7/31/23,24-HR BLK AVG,8.2,46.0
7/31/23,24-HR BLK AVG,6.8,38.0
8/1/23,24-HR BLK AVG,10.1,53.0
8/1/23,24-HR BLK AVG,8.9,49.0
8/2/23,24-HR BLK AVG,11.7,56.0
8/2/23,24-HR BLK AVG,10.6,54.0
8/3/23,24-HR BLK AVG,12.5,57.0
8/3/23,24-HR BLK AVG,11.3,55.0
8/4/23,24-HR BLK AVG,11.9,56.0
8/4/23,24-HR BLK AVG,10.7,54.0
8/5/23,24-HR BLK AVG,20.9,73.0
8/5/23,24-HR BLK AVG,19.8,71.0
8/6/23,24-HR BLK AVG,20.4,72.0
8/6/23,24-HR BLK AVG,18.9,69.0
8/7/23,24-HR BLK AVG,18.6,69.0
8/7/23,24-HR BLK AVG,17.2,66.0
8/8/23,24-HR BLK AVG,22.7,76.0
8/8/23,24-HR BLK AVG,21.3,74.0
8/9/23,24-HR BLK AVG,23.0,77.0
8/9/23,24-HR BLK AVG,21.6,74.0
8/10/23,24-HR BLK AVG,15.4,63.0
8/10/23,24-HR BLK AVG,14.2,61.0
8/11/23,24-HR BLK AVG,5.6,31.0
8/11/23,24-HR BLK AVG,4.6,26.0
8/12/23,24-HR BLK AVG,4.5,25.0
8/12/23,24-HR BLK AVG,3.7,21.0
8/13/23,24-HR BLK AVG,4.3,24.0
8/13/23,24-HR BLK AVG,3.4,19.0
8/14/23,24-HR BLK AVG,4.7,26.0
8/14/23,24-HR BLK AVG,3.7,21.0
8/15/23,24-HR BLK AVG,6.2,34.0
8/15/23,24-HR BLK AVG,5.1,28.0
8/16/23,24-HR BLK AVG,7.4,41.0
8/16/23,24-HR BLK AVG,6.2,34.0
8/17/23,24-HR BLK AVG,13.6,59.0
8/17/23,24-HR BLK AVG,12.1,57.0
8/18/23,24-HR BLK AVG,19.0,69.0
8/18/23,24-HR BLK AVG,17.7,67.0
8/19/23,24-HR BLK AVG,13.7,60.0
8/19/23,24-HR BLK AVG,12.4,57.0
8/20/23,24-HR BLK AVG,21.7,74.0
8/20/23,24-HR BLK AVG,20.7,73.0
8/21/23,24-HR BLK AVG,22.5,76.0
8/21/23,24-HR BLK AVG,21.3,74.0
8/22/23,24-HR BLK AVG,20.5,72.0
8/22/23,24-HR BLK AVG,19.5,70.0
8/23/23,24-HR BLK AVG,16.3,64.0
8/23/23,24-HR BLK AVG,15.3,63.0
8/24/23,24-HR BLK AVG,15.1,62.0
8/24/23,24-HR BLK AVG,14.1,60.0
8/25/23,24-HR BLK AVG,9.1,51.0
8/25/23,24-HR BLK AVG,8.1,45.0
8/26/23,24-HR BLK AVG,7.2,40.0
8/26/23,24-HR BLK AVG,6.0,33.0
8/27/23,24-HR BLK AVG,7.5,42.0
8/27/23,24-HR BLK AVG,6.2,34.0
8/28/23,24-HR BLK AVG,10.6,54.0
8/28/23,24-HR BLK AVG,9.3,51.0
8/29/23,24-HR BLK AVG,19.3,70.0
8/29/23,24-HR BLK AVG,17.8,67.0
8/30/23,24-HR BLK AVG,11.4,55.0
8/30/23,24-HR BLK AVG,10.0,53.0
8/31/23,24-HR BLK AVG,8.2,46.0
8/31/23,24-HR BLK AVG,6.8,38.0
9/1/23,24-HR BLK AVG,8.1,45.0
9/1/23,24-HR BLK AVG,7.0,39.0
9/2/23,24-HR BLK AVG,11.9,56.0
9/2/23,24-HR BLK AVG,10.9,54.0
9/3/23,24-HR BLK AVG,12.9,58.0
9/3/23,24-HR BLK AVG,11.9,56.0
9/4/23,24-HR BLK AVG,15.2,62.0
9/4/23,24-HR BLK AVG,14.2,61.0
9/5/23,24-HR BLK AVG,12.4,57.0
9/5/23,24-HR BLK AVG,11.4,55.0
9/6/23,24-HR BLK AVG,11.7,56.0
9/6/23,24-HR BLK AVG,10.3,53.0
9/7/23,24-HR BLK AVG,3.5,19.0
9/7/23,24-HR BLK AVG,2.8,16.0
9/8/23,24-HR BLK AVG,5.7,32.0
9/8/23,24-HR BLK AVG,4.6,26.0
9/9/23,24-HR BLK AVG,11.7,56.0
9/9/23,24-HR BLK AVG,10.3,53.0
9/10/23,24-HR BLK AVG,12.5,57.0
9/10/23,24-HR BLK AVG,10.7,54.0
9/11/23,24-HR BLK AVG,11.8,56.0
9/11/23,24-HR BLK AVG,10.2,53.0
9/12/23,24-HR BLK AVG,9.2,51.0
9/12/23,24-HR BLK AVG,7.6,42.0
9/13/23,24-HR BLK AVG,4.0,22.0
9/13/23,24-HR BLK AVG,3.2,18.0
9/14/23,24-HR BLK AVG,8.8,49.0
9/14/23,24-HR BLK AVG,7.5,42.0
9/15/23,24-HR BLK AVG,11.6,56.0
9/15/23,24-HR BLK AVG,9.7,52.0
9/16/23,24-HR BLK AVG,19.3,70.0
9/16/23,24-HR BLK AVG,17.7,67.0
9/17/23,24-HR BLK AVG,12.7,58.0
9/17/23,24-HR BLK AVG,11.1,55.0
9/18/23,24-HR BLK AVG,11.1,55.0
9/18/23,24-HR BLK AVG,9.6,52.0
9/19/23,24-HR BLK AVG,13.0,58.0
9/19/23,24-HR BLK AVG,11.5,55.0
9/20/23,24-HR BLK AVG,11.8,56.0
9/20/23,24-HR BLK AVG,10.4,53.0
9/21/23,24-HR BLK AVG,15.5,63.0
9/21/23,24-HR BLK AVG,14.0,60.0
9/22/23,24-HR BLK AVG,10.2,53.0
9/22/23,24-HR BLK AVG,8.7,48.0
9/23/23,24-HR BLK AVG,7.2,40.0
9/23/23,24-HR BLK AVG,6.1,34.0
9/24/23,24-HR BLK AVG,10.1,53.0
9/24/23,24-HR BLK AVG,8.6,48.0
9/25/23,24-HR BLK AVG,6.6,37.0
9/25/23,24-HR BLK AVG,5.5,31.0
9/26/23,24-HR BLK AVG,6.0,33.0
9/26/23,24-HR BLK AVG,4.9,27.0
9/27/23,24-HR BLK AVG,7.9,44.0
9/27/23,24-HR BLK AVG,6.6,37.0
9/28/23,24-HR BLK AVG,6.8,38.0
9/28/23,24-HR BLK AVG,5.6,31.0
9/29/23,24-HR BLK AVG,8.5,47.0
9/29/23,24-HR BLK AVG,7.4,41.0
9/30/23,24-HR BLK AVG,14.5,61.0
9/30/23,24-HR BLK AVG,13.5,59.0
10/1/23,24-HR BLK AVG,13.1,58.0
10/1/23,24-HR BLK AVG,12.0,56.0
10/3/23,24-HR BLK AVG,14.3,61.0
10/4/23,24-HR BLK AVG,3.9,22.0
10/5/23,24-HR BLK AVG,3.4,19.0
10/6/23,24-HR BLK AVG,2.4,13.0
10/7/23,24-HR BLK AVG,3.3,18.0
10/8/23,24-HR BLK AVG,4.0,22.0
10/9/23,24-HR BLK AVG,3.5,19.0
10/10/23,24-HR BLK AVG,5.4,30.0
10/11/23,24-HR BLK AVG,6.6,37.0
10/12/23,24-HR BLK AVG,2.2,12.0
10/13/23,24-HR BLK AVG,0.7,4.0
10/14/23,24-HR BLK AVG,2.2,12.0
10/15/23,24-HR BLK AVG,3.2,18.0
10/16/23,24-HR BLK AVG,5.7,32.0
10/17/23,24-HR BLK AVG,10.2,53.0
10/18/23,24-HR BLK AVG,6.1,34.0
10/19/23,24-HR BLK AVG,7.7,43.0
10/20/23,24-HR BLK AVG,8.5,47.0
10/21/23,24-HR BLK AVG,3.9,22.0
10/22/23,24-HR BLK AVG,4.8,27.0
10/23/23,24-HR BLK AVG,6.7,37.0
10/24/23,24-HR BLK AVG,7.1,39.0
10/25/23,24-HR BLK AVG,6.3,35.0
10/26/23,24-HR BLK AVG,5.5,31.0
10/27/23,24-HR BLK AVG,3.1,17.0
10/28/23,24-HR BLK AVG,8.8,49.0
10/29/23,24-HR BLK AVG,9.8,52.0
10/30/23,24-HR BLK AVG,6.0,33.0
10/31/23,24-HR BLK AVG,4.8,27.0
11/1/23,24-HR BLK AVG,5.6,31.0
11/2/23,24-HR BLK AVG,10.3,53.0
11/3/23,24-HR BLK AVG,12.7,58.0
11/4/23,24-HR BLK AVG,18.5,69.0
11/5/23,24-HR BLK AVG,12.5,57.0
11/6/23,24-HR BLK AVG,6.4,36.0
11/7/23,24-HR BLK AVG,4.3,24.0
11/8/23,24-HR BLK AVG,6.0,33.0
11/9/23,24-HR BLK AVG,3.6,20.0
11/10/23,24-HR BLK AVG,3.3,18.0
11/11/23,24-HR BLK AVG,8.1,45.0
11/12/23,24-HR BLK AVG,6.0,33.0
11/13/23,24-HR BLK AVG,7.0,39.0
11/14/23,24-HR BLK AVG,7.7,43.0
11/15/23,24-HR BLK AVG,9.7,52.0
11/16/23,24-HR BLK AVG,8.7,48.0
11/17/23,24-HR BLK AVG,4.9,27.0
11/18/23,24-HR BLK AVG,11.0,55.0
11/19/23,24-HR BLK AVG,12.8,58.0
11/20/23,24-HR BLK AVG,5.8,32.0
11/21/23,24-HR BLK AVG,5.8,32.0
11/22/23,24-HR BLK AVG,3.9,22.0
11/23/23,24-HR BLK AVG,2.8,16.0
11/24/23,24-HR BLK AVG,4.2,23.0
11/25/23,24-HR BLK AVG,7.0,39.0
11/26/23,24-HR BLK AVG,5.4,30.0
11/27/23,24-HR BLK AVG,2.8,16.0
11/28/23,24-HR BLK AVG,5.8,32.0
11/29/23,24-HR BLK AVG,5.8,32.0
11/30/23,24-HR BLK AVG,7.9,44.0
12/1/23,24-HR BLK AVG,5.1,28.0
12/2/23,24-HR BLK AVG,8.3,46.0
12/3/23,24-HR BLK AVG,7.2,40.0
12/4/23,24-HR BLK AVG,11.0,55.0
12/5/23,24-HR BLK AVG,14.7,61.0
12/6/23,24-HR BLK AVG,9.9,52.0
12/7/23,24-HR BLK AVG,7.6,42.0
12/8/23,24-HR BLK AVG,5.0,28.0
12/9/23,24-HR BLK AVG,2.4,13.0
12/10/23,24-HR BLK AVG,4.4,24.0
12/11/23,24-HR BLK AVG,7.4,41.0
12/12/23,24-HR BLK AVG,3.6,20.0
12/13/23,24-HR BLK AVG,6.2,34.0
12/14/23,24-HR BLK AVG,14.0,60.0
12/15/23,24-HR BLK AVG,14.3,61.0
12/16/23,24-HR BLK AVG,16.2,64.0
12/17/23,24-HR BLK AVG,6.9,38.0
12/18/23,24-HR BLK AVG,3.3,18.0
12/19/23,24-HR BLK AVG,5.3,29.0
12/20/23,24-HR BLK AVG,6.5,36.0
12/21/23,24-HR BLK AVG,15.8,63.0
12/22/23,24-HR BLK AVG,22.6,76.0
12/23/23,24-HR BLK AVG,18.6,69.0
12/24/23,24-HR BLK AVG,10.0,53.0
12/25/23,24-HR BLK AVG,5.2,29.0
12/26/23,24-HR BLK AVG,2.8,16.0
12/27/23,24-HR BLK AVG,5.7,32.0
12/28/23,24-HR BLK AVG,5.8,32.0
12/29/23,24-HR BLK AVG,6.7,37.0
12/30/23,24-HR BLK AVG,6.5,36.0
12/31/23,24-HR BLK AVG,1.9,11.0
1/1/24,24-HR BLK AVG,5.6,31.0
1/2/24,24-HR BLK AVG,5.7,32.0
1/3/24,24-HR BLK AVG,5.0,28.0
1/4/24,24-HR BLK AVG,5.8,32.0
1/5/24,24-HR BLK AVG,12.0,56.0
1/6/24,24-HR BLK AVG,16.1,64.0
1/7/24,24-HR BLK AVG,7.6,42.0
1/8/24,24-HR BLK AVG,9.0,50.0
1/9/24,24-HR BLK AVG,8.2,46.0
1/10/24,24-HR BLK AVG,8.7,48.0
1/11/24,24-HR BLK AVG,7.0,39.0
1/12/24,24-HR BLK AVG,5.6,31.0
1/13/24,24-HR BLK AVG,4.0,22.0
1/14/24,24-HR BLK AVG,4.2,23.0
1/15/24,24-HR BLK AVG,5.3,29.0
1/16/24,24-HR BLK AVG,2.6,14.0
1/17/24,24-HR BLK AVG,3.7,21.0
1/18/24,24-HR BLK AVG,7.9,44.0
1/19/24,24-HR BLK AVG,6.3,35.0
1/20/24,24-HR BLK AVG,9.0,50.0
1/21/24,24-HR BLK AVG,7.8,43.0
1/22/24,24-HR BLK AVG,10.4,53.0
1/23/24,24-HR BLK AVG,18.3,68.0
1/24/24,24-HR BLK AVG,15.9,64.0
1/25/24,24-HR BLK AVG,12.5,57.0
1/26/24,24-HR BLK AVG,13.0,58.0
1/27/24,24-HR BLK AVG,7.6,42.0
1/28/24,24-HR BLK AVG,11.6,56.0
1/29/24,24-HR BLK AVG,7.4,41.0
1/30/24,24-HR BLK AVG,4.1,23.0
1/31/24,24-HR BLK AVG,6.8,38.0
2/1/24,24-HR BLK AVG,8.9,49.0
2/2/24,24-HR BLK AVG,4.0,22.0
2/3/24,24-HR BLK AVG,9.0,50.0
2/4/24,24-HR BLK AVG,10.1,53.0
2/5/24,24-HR BLK AVG,9.1,51.0
2/6/24,24-HR BLK AVG,9.3,51.0
2/7/24,24-HR BLK AVG,12.0,56.0
2/8/24,24-HR BLK AVG,6.1,34.0
2/9/24,24-HR BLK AVG,3.3,18.0
2/10/24,24-HR BLK AVG,2.6,14.0
2/11/24,24-HR BLK AVG,5.3,29.0
2/12/24,24-HR BLK AVG,5.4,30.0
2/13/24,24-HR BLK AVG,7.5,42.0
2/14/24,24-HR BLK AVG,9.7,52.0
2/15/24,24-HR BLK AVG,4.7,26.0
2/16/24,24-HR BLK AVG,4.9,27.0
2/17/24,24-HR BLK AVG,3.4,19.0
2/18/24,24-HR BLK AVG,3.6,20.0
2/19/24,24-HR BLK AVG,6.5,36.0
2/20/24,24-HR BLK AVG,7.6,42.0
2/21/24,24-HR BLK AVG,12.0,56.0
2/22/24,24-HR BLK AVG,11.3,55.0
2/23/24,24-HR BLK AVG,6.0,33.0
2/24/24,24-HR BLK AVG,4.3,24.0
2/25/24,24-HR BLK AVG,4.0,22.0
2/26/24,24-HR BLK AVG,5.1,28.0
2/27/24,24-HR BLK AVG,6.0,33.0
2/28/24,24-HR BLK AVG,2.8,16.0
2/29/24,24-HR BLK AVG,5.9,33.0
3/1/24,24-HR BLK AVG,7.6,42.0
3/2/24,24-HR BLK AVG,9.8,52.0
3/3/24,24-HR BLK AVG,10.6,54.0
3/4/24,24-HR BLK AVG,4.8,27.0
3/5/24,24-HR BLK AVG,4.7,26.0
3/6/24,24-HR BLK AVG,3.2,18.0
3/7/24,24-HR BLK AVG,4.4,24.0
3/8/24,24-HR BLK AVG,3.7,21.0
3/9/24,24-HR BLK AVG,4.0,22.0
3/10/24,24-HR BLK AVG,4.4,24.0
3/11/24,24-HR BLK AVG,7.0,39.0
3/12/24,24-HR BLK AVG,4.5,25.0
3/13/24,24-HR BLK AVG,4.5,25.0
3/14/24,24-HR BLK AVG,2.4,13.0
3/15/24,24-HR BLK AVG,3.8,21.0
3/16/24,24-HR BLK AVG,2.6,14.0
3/17/24,24-HR BLK AVG,1.6,9.0
3/18/24,24-HR BLK AVG,2.7,15.0
3/19/24,24-HR BLK AVG,3.3,18.0
3/20/24,24-HR BLK AVG,2.4,13.0
3/21/24,24-HR BLK AVG,3.9,22.0
3/22/24,24-HR BLK AVG,5.5,31.0
3/23/24,24-HR BLK AVG,4.3,24.0
3/24/24,24-HR BLK AVG,5.7,32.0
3/25/24,24-HR BLK AVG,7.6,42.0
3/26/24,24-HR BLK AVG,3.7,21.0
3/27/24,24-HR BLK AVG,4.1,23.0
3/28/24,24-HR BLK AVG,3.9,22.0
3/29/24,24-HR BLK AVG,7.1,39.0
3/30/24,24-HR BLK AVG,6.6,37.0
3/31/24,24-HR BLK AVG,8.6,48.0
4/1/24,24-HR BLK AVG,6.1,34.0
4/2/24,24-HR BLK AVG,2.9,16.0
4/3/24,24-HR BLK AVG,1.8,10.0
4/4/24,24-HR BLK AVG,2.0,11.0
4/5/24,24-HR BLK AVG,3.4,19.0
4/6/24,24-HR BLK AVG,3.7,21.0
4/7/24,24-HR BLK AVG,3.5,19.0
4/8/24,24-HR BLK AVG,4.2,23.0
4/9/24,24-HR BLK AVG,3.4,19.0
4/10/24,24-HR BLK AVG,4.6,26.0
4/11/24,24-HR BLK AVG,4.0,22.0
4/12/24,24-HR BLK AVG,3.2,18.0
4/13/24,24-HR BLK AVG,8.2,46.0
4/14/24,24-HR BLK AVG,7.3,41.0
4/15/24,24-HR BLK AVG,5.5,31.0
4/16/24,24-HR BLK AVG,4.4,24.0
4/17/24,24-HR BLK AVG,3.6,20.0
4/18/24,24-HR BLK AVG,3.5,19.0
4/19/24,24-HR BLK AVG,2.2,12.0
4/20/24,24-HR BLK AVG,2.6,14.0
4/21/24,24-HR BLK AVG,5.2,29.0
4/22/24,24-HR BLK AVG,6.7,37.0
4/23/24,24-HR BLK AVG,3.4,19.0
4/24/24,24-HR BLK AVG,5.0,28.0
4/25/24,24-HR BLK AVG,8.4,47.0
4/26/24,24-HR BLK AVG,6.6,37.0
4/27/24,24-HR BLK AVG,4.4,24.0
4/28/24,24-HR BLK AVG,2.2,12.0
4/29/24,24-HR BLK AVG,2.2,12.0
4/30/24,24-HR BLK AVG,2.9,16.0
5/1/24,24-HR BLK AVG,2.0,11.0
5/2/24,24-HR BLK AVG,2.5,14.0
5/3/24,24-HR BLK AVG,3.4,19.0
5/4/24,24-HR BLK AVG,3.6,20.0
5/5/24,24-HR BLK AVG,3.2,18.0
5/6/24,24-HR BLK AVG,3.8,21.0
5/7/24,24-HR BLK AVG,3.3,18.0
5/8/24,24-HR BLK AVG,2.5,14.0
5/9/24,24-HR BLK AVG,3.5,19.0
5/10/24,24-HR BLK AVG,4.6,26.0
5/11/24,24-HR BLK AVG,9.4,52.0
5/12/24,24-HR BLK AVG,7.8,43.0
5/13/24,24-HR BLK AVG,61.9,155.0
5/14/24,24-HR BLK AVG,21.8,75.0
5/15/24,24-HR BLK AVG,17.0,66.0
5/16/24,24-HR BLK AVG,12.3,57.0
5/17/24,24-HR BLK AVG,12.3,57.0
5/18/24,24-HR BLK AVG,6.9,38.0
5/19/24,24-HR BLK AVG,5.6,31.0
5/20/24,24-HR BLK AVG,5.3,29.0
5/21/24,24-HR BLK AVG,4.9,27.0
5/22/24,24-HR BLK AVG,4.8,27.0
5/23/24,24-HR BLK AVG,6.6,37.0
5/24/24,24-HR BLK AVG,4.8,27.0
5/25/24,24-HR BLK AVG,4.4,24.0
5/26/24,24-HR BLK AVG,4.6,26.0
5/27/24,24-HR BLK AVG,4.2,23.0
5/28/24,24-HR BLK AVG,5.2,29.0
5/29/24,24-HR BLK AVG,4.3,24.0
5/30/24,24-HR BLK AVG,5.1,28.0
5/31/24,24-HR BLK AVG,5.5,31.0
6/1/24,24-HR BLK AVG,6.4,36.0
6/2/24,24-HR BLK AVG,8.5,47.0
6/6/24,24-HR BLK AVG,4.9,27.0
6/7/24,24-HR BLK AVG,6.7,37.0
6/8/24,24-HR BLK AVG,7.0,39.0
6/9/24,24-HR BLK AVG,6.2,34.0
6/10/24,24-HR BLK AVG,5.9,33.0
6/11/24,24-HR BLK AVG,7.6,42.0
6/12/24,24-HR BLK AVG,6.6,37.0
6/13/24,24-HR BLK AVG,6.8,38.0
6/14/24,24-HR BLK AVG,6.5,36.0
6/15/24,24-HR BLK AVG,7.7,43.0
6/16/24,24-HR BLK AVG,9.1,51.0
6/17/24,24-HR BLK AVG,6.8,38.0
6/18/24,24-HR BLK AVG,9.5,52.0
6/19/24,24-HR BLK AVG,3.4,19.0
6/20/24,24-HR BLK AVG,4.8,27.0
6/21/24,24-HR BLK AVG,4.5,25.0
6/22/24,24-HR BLK AVG,3.6,20.0
6/23/24,24-HR BLK AVG,4.2,23.0
6/24/24,24-HR BLK AVG,6.9,38.0
6/25/24,24-HR BLK AVG,7.1,39.0
6/26/24,24-HR BLK AVG,6.3,35.0
6/27/24,24-HR BLK AVG,9.6,52.0
6/28/24,24-HR BLK AVG,5.2,29.0
7/2/24,24-HR BLK AVG,4.1,23.0
7/3/24,24-HR BLK AVG,7.0,39.0
7/4/24,24-HR BLK AVG,9.2,51.0
7/5/24,24-HR BLK AVG,7.6,42.0
7/6/24,24-HR BLK AVG,11.3,55.0
7/7/24,24-HR BLK AVG,5.9,33.0
7/8/24,24-HR BLK AVG,6.0,33.0
7/9/24,24-HR BLK AVG,13.6,59.0
7/10/24,24-HR BLK AVG,15.1,62.0
7/11/24,24-HR BLK AVG,13.1,58.0
7/12/24,24-HR BLK AVG,12.5,57.0
7/13/24,24-HR BLK AVG,12.8,58.0
7/14/24,24-HR BLK AVG,10.2,53.0
7/15/24,24-HR BLK AVG,12.0,56.0
7/16/24,24-HR BLK AVG,10.9,54.0
7/17/24,24-HR BLK AVG,8.3,46.0
7/18/24,24-HR BLK AVG,8.8,49.0
7/19/24,24-HR BLK AVG,11.3,55.0
7/20/24,24-HR BLK AVG,9.7,52.0
7/21/24,24-HR BLK AVG,12.7,58.0
7/22/24,24-HR BLK AVG,18.3,68.0
7/23/24,24-HR BLK AVG,17.8,67.0
7/24/24,24-HR BLK AVG,8.8,49.0
7/25/24,24-HR BLK AVG,14.6,61.0
7/26/24,24-HR BLK AVG,16.0,64.0
7/27/24,24-HR BLK AVG,19.8,71.0
7/28/24,24-HR BLK AVG,18.2,68.0
7/29/24,24-HR BLK AVG,11.4,55.0
7/30/24,24-HR BLK AVG,12.2,57.0
7/31/24,24-HR BLK AVG,11.5,55.0
8/1/24,24-HR BLK AVG,7.4,41.0
8/2/24,24-HR BLK AVG,11.1,55.0
8/3/24,24-HR BLK AVG,8.8,49.0
8/4/24,24-HR BLK AVG,10.4,53.0
8/5/24,24-HR BLK AVG,10.4,53.0
8/6/24,24-HR BLK AVG,5.6,31.0
8/7/24,24-HR BLK AVG,9.3,51.0
8/8/24,24-HR BLK AVG,6.9,38.0
8/9/24,24-HR BLK AVG,4.1,23.0
8/10/24,24-HR BLK AVG,4.8,27.0
8/11/24,24-HR BLK AVG,7.6,42.0
8/12/24,24-HR BLK AVG,7.5,42.0
8/13/24,24-HR BLK AVG,10.4,53.0
8/14/24,24-HR BLK AVG,11.4,55.0
8/15/24,24-HR BLK AVG,5.8,32.0
8/16/24,24-HR BLK AVG,6.1,34.0
8/17/24,24-HR BLK AVG,6.5,36.0
8/18/24,24-HR BLK AVG,23.9,79.0
8/19/24,24-HR BLK AVG,23.9,79.0
8/20/24,24-HR BLK AVG,18.6,69.0
8/21/24,24-HR BLK AVG,9.9,52.0
8/22/24,24-HR BLK AVG,8.4,47.0
8/23/24,24-HR BLK AVG,9.4,52.0
8/24/24,24-HR BLK AVG,14.3,61.0
8/25/24,24-HR BLK AVG,15.0,62.0
8/26/24,24-HR BLK AVG,16.3,64.0
8/27/24,24-HR BLK AVG,6.0,33.0
8/28/24,24-HR BLK AVG,9.2,51.0
8/29/24,24-HR BLK AVG,8.3,46.0
8/30/24,24-HR BLK AVG,6.1,34.0
8/31/24,24-HR BLK AVG,5.1,28.0
9/1/24,24-HR BLK AVG,13.5,59.0
9/2/24,24-HR BLK AVG,8.9,49.0
9/3/24,24-HR BLK AVG,6.3,35.0
9/4/24,24-HR BLK AVG,7.0,39.0
9/5/24,24-HR BLK AVG,11.8,56.0
9/6/24,24-HR BLK AVG,5.5,31.0
9/7/24,24-HR BLK AVG,7.4,41.0
9/8/24,24-HR BLK AVG,7.5,42.0
9/9/24,24-HR BLK AVG,10.5,54.0
9/10/24,24-HR BLK AVG,8.2,46.0
9/11/24,24-HR BLK AVG,12.5,57.0
9/12/24,24-HR BLK AVG,17.7,67.0
9/13/24,24-HR BLK AVG,12.2,57.0
9/14/24,24-HR BLK AVG,10.2,53.0
9/15/24,24-HR BLK AVG,7.5,42.0
9/16/24,24-HR BLK AVG,8.1,45.0
9/17/24,24-HR BLK AVG,9.1,51.0
9/18/24,24-HR BLK AVG,12.9,58.0
9/19/24,24-HR BLK AVG,8.8,49.0
9/20/24,24-HR BLK AVG,8.2,46.0
9/21/24,24-HR BLK AVG,7.5,42.0
9/22/24,24-HR BLK AVG,5.4,30.0
9/23/24,24-HR BLK AVG,7.1,39.0
9/24/24,24-HR BLK AVG,7.7,43.0
9/25/24,24-HR BLK AVG,9.4,52.0
9/26/24,24-HR BLK AVG,12.2,57.0
9/27/24,24-HR BLK AVG,12.0,56.0
9/28/24,24-HR BLK AVG,12.2,57.0
9/29/24,24-HR BLK AVG,11.2,55.0
9/30/24,24-HR BLK AVG,8.6,48.0
10/1/24,24-HR BLK AVG,7.3,41.0
10/2/24,24-HR BLK AVG,16.0,64.0
10/3/24,24-HR BLK AVG,9.4,52.0
10/4/24,24-HR BLK AVG,5.1,28.0
10/5/24,24-HR BLK AVG,10.3,53.0
10/6/24,24-HR BLK AVG,7.7,43.0
10/7/24,24-HR BLK AVG,9.1,51.0
10/8/24,24-HR BLK AVG,10.5,54.0
10/9/24,24-HR BLK AVG,7.2,40.0
10/10/24,24-HR BLK AVG,14.0,60.0
10/11/24,24-HR BLK AVG,14.8,62.0
10/12/24,24-HR BLK AVG,9.2,51.0
10/13/24,24-HR BLK AVG,5.1,28.0
10/14/24,24-HR BLK AVG,4.4,24.0
10/15/24,24-HR BLK AVG,4.2,23.0
10/16/24,24-HR BLK AVG,9.9,52.0
10/17/24,24-HR BLK AVG,10.9,54.0
10/18/24,24-HR BLK AVG,14.0,60.0
10/19/24,24-HR BLK AVG,15.0,62.0
10/20/24,24-HR BLK AVG,11.1,55.0
10/21/24,24-HR BLK AVG,15.4,63.0
10/22/24,24-HR BLK AVG,16.3,64.0
10/23/24,24-HR BLK AVG,6.4,36.0
10/24/24,24-HR BLK AVG,10.9,54.0
10/25/24,24-HR BLK AVG,9.0,50.0
10/26/24,24-HR BLK AVG,9.3,51.0
10/27/24,24-HR BLK AVG,7.5,42.0
10/28/24,24-HR BLK AVG,13.1,58.0
10/29/24,24-HR BLK AVG,14.1,60.0
10/30/24,24-HR BLK AVG,11.4,55.0
10/31/24,24-HR BLK AVG,1.9,11.0
11/1/24,24-HR BLK AVG,7.7,43.0
11/2/24,24-HR BLK AVG,8.7,48.0
11/3/24,24-HR BLK AVG,6.5,36.0
11/4/24,24-HR BLK AVG,6.9,38.0
11/5/24,24-HR BLK AVG,3.1,17.0
11/6/24,24-HR BLK AVG,6.6,37.0
11/7/24,24-HR BLK AVG,9.2,51.0
11/8/24,24-HR BLK AVG,11.1,55.0
11/9/24,24-HR BLK AVG,9.2,51.0
11/10/24,24-HR BLK AVG,6.4,36.0
11/11/24,24-HR BLK AVG,3.8,21.0
11/12/24,24-HR BLK AVG,3.4,19.0
11/13/24,24-HR BLK AVG,9.5,52.0
11/14/24,24-HR BLK AVG,11.0,55.0
11/15/24,24-HR BLK AVG,10.7,54.0
11/16/24,24-HR BLK AVG,14.4,61.0
11/17/24,24-HR BLK AVG,12.0,56.0
11/18/24,24-HR BLK AVG,8.1,45.0
11/19/24,24-HR BLK AVG,3.0,17.0
11/20/24,24-HR BLK AVG,3.2,18.0
11/21/24,24-HR BLK AVG,4.2,23.0
11/22/24,24-HR BLK AVG,6.3,35.0
11/23/24,24-HR BLK AVG,11.4,55.0
11/24/24,24-HR BLK AVG,11.2,55.0
11/25/24,24-HR BLK AVG,7.2,40.0
11/26/24,24-HR BLK AVG,8.9,49.0
11/27/24,24-HR BLK AVG,8.6,48.0
11/28/24,24-HR BLK AVG,8.3,46.0
11/29/24,24-HR BLK AVG,7.4,41.0
11/30/24,24-HR BLK AVG,6.5,36.0
12/1/24,24-HR BLK AVG,8.7,48.0
12/2/24,24-HR BLK AVG,9.4,52.0
12/3/24,24-HR BLK AVG,9.3,51.0
12/4/24,24-HR BLK AVG,9.3,51.0
12/5/24,24-HR BLK AVG,4.7,26.0
12/6/24,24-HR BLK AVG,7.7,43.0
12/7/24,24-HR BLK AVG,8.7,48.0
12/8/24,24-HR BLK AVG,9.8,52.0
12/9/24,24-HR BLK AVG,7.0,39.0
12/10/24,24-HR BLK AVG,4.8,27.0
12/11/24,24-HR BLK AVG,5.0,28.0
12/12/24,24-HR BLK AVG,9.5,52.0
12/13/24,24-HR BLK AVG,12.1,57.0
12/14/24,24-HR BLK AVG,17.3,66.0
12/15/24,24-HR BLK AVG,10.9,54.0
12/16/24,24-HR BLK AVG,8.8,49.0
12/17/24,24-HR BLK AVG,10.3,53.0
12/18/24,24-HR BLK AVG,9.1,51.0
12/19/24,24-HR BLK AVG,11.3,55.0
12/20/24,24-HR BLK AVG,7.5,42.0
12/21/24,24-HR BLK AVG,9.9,52.0
12/22/24,24-HR BLK AVG,10.1,53.0
12/23/24,24-HR BLK AVG,15.3,63.0
12/24/24,24-HR BLK AVG,17.3,66.0
12/25/24,24-HR BLK AVG,15.5,63.0
12/26/24,24-HR BLK AVG,18.1,68.0
12/27/24,24-HR BLK AVG,14.5,61.0
12/28/24,24-HR BLK AVG,6.4,36.0
12/29/24,24-HR BLK AVG,5.9,33.0
12/30/24,24-HR BLK AVG,8.5,47.0
12/31/24,24-HR BLK AVG,8.3,46.0
1/1/25,24-HR BLK AVG,5.7,32.0
1/2/25,24-HR BLK AVG,6.7,37.0
1/3/25,24-HR BLK AVG,6.1,34.0
1/4/25,24-HR BLK AVG,5.7,32.0
1/5/25,24-HR BLK AVG,4.9,27.0
1/6/25,24-HR BLK AVG,5.6,31.0
1/7/25,24-HR BLK AVG,9.0,50.0
1/8/25,24-HR BLK AVG,9.8,52.0
1/9/25,24-HR BLK AVG,19.0,69.0
1/10/25,24-HR BLK AVG,10.3,53.0
1/11/25,24-HR BLK AVG,7.0,39.0
1/12/25,24-HR BLK AVG,8.1,45.0
1/13/25,24-HR BLK AVG,4.5,25.0
1/14/25,24-HR BLK AVG,7.4,41.0
1/15/25,24-HR BLK AVG,11.0,55.0
1/16/25,24-HR BLK AVG,4.9,27.0
1/17/25,24-HR BLK AVG,5.5,31.0
1/18/25,24-HR BLK AVG,3.5,19.0
1/19/25,24-HR BLK AVG,4.4,24.0
1/20/25,24-HR BLK AVG,3.7,21.0
1/21/25,24-HR BLK AVG,4.9,27.0
1/22/25,24-HR BLK AVG,6.8,38.0
1/23/25,24-HR BLK AVG,7.2,40.0
1/24/25,24-HR BLK AVG,9.6,52.0
1/25/25,24-HR BLK AVG,4.9,27.0
1/26/25,24-HR BLK AVG,4.0,22.0
1/27/25,24-HR BLK AVG,4.1,23.0
1/28/25,24-HR BLK AVG,5.4,30.0
2/19/25,24-HR BLK AVG,5.3,29.0
2/20/25,24-HR BLK AVG,6.1,34.0
2/21/25,24-HR BLK AVG,8.0,44.0
2/22/25,24-HR BLK AVG,10.5,54.0
2/23/25,24-HR BLK AVG,19.7,71.0
2/24/25,24-HR BLK AVG,3.9,22.0
2/25/25,24-HR BLK AVG,4.7,26.0
2/26/25,24-HR BLK AVG,4.5,25.0
2/27/25,24-HR BLK AVG,4.9,27.0
2/28/25,24-HR BLK AVG,3.0,17.0
3/1/25,24-HR BLK AVG,3.1,17.0
3/2/25,24-HR BLK AVG,6.0,33.0
3/3/25,24-HR BLK AVG,13.4,59.0
3/4/25,24-HR BLK AVG,10.6,54.0
3/5/25,24-HR BLK AVG,1.9,11.0
3/6/25,24-HR BLK AVG,4.4,24.0
3/7/25,24-HR BLK AVG,7.1,39.0
3/8/25,24-HR BLK AVG,4.9,27.0
3/9/25,24-HR BLK AVG,5.2,29.0
3/10/25,24-HR BLK AVG,5.4,30.0
3/11/25,24-HR BLK AVG,4.1,23.0
3/12/25,24-HR BLK AVG,5.5,31.0
3/13/25,24-HR BLK AVG,10.7,54.0
3/14/25,24-HR BLK AVG,13.9,60.0
3/15/25,24-HR BLK AVG,12.1,57.0
3/16/25,24-HR BLK AVG,2.9,16.0
3/17/25,24-HR BLK AVG,4.5,25.0
3/18/25,24-HR BLK AVG,5.2,29.0
3/19/25,24-HR BLK AVG,2.9,16.0
3/20/25,24-HR BLK AVG,5.8,32.0
3/21/25,24-HR BLK AVG,4.9,27.0
3/22/25,24-HR BLK AVG,4.5,25.0
3/23/25,24-HR BLK AVG,7.1,39.0
3/24/25,24-HR BLK AVG,5.4,30.0
3/25/25,24-HR BLK AVG,4.1,23.0
3/26/25,24-HR BLK AVG,4.4,24.0
3/27/25,24-HR BLK AVG,6.5,36.0
3/28/25,24-HR BLK AVG,11.3,55.0
3/29/25,24-HR BLK AVG,6.3,35.0
3/30/25,24-HR BLK AVG,0.6,3.0
3/31/25,24-HR BLK AVG,4.0,22.0
